,"('video_name', '')","('diapo', '')","('frameTimeWindow', '')",ypredict
0,Test_pour_AFPA,8,170,1.0
1,Test_pour_AFPA,8,175,1.0
2,Test_pour_AFPA,8,180,1.0
3,Test_pour_AFPA,8,185,1.0
4,Test_pour_AFPA,8,190,1.0
5,Test_pour_AFPA,8,195,1.0
6,Test_pour_AFPA,8,200,1.0
7,Test_pour_AFPA,8,205,1.0
8,Test_pour_AFPA,8,210,1.0
9,Test_pour_AFPA,8,215,1.0
10,Test_pour_AFPA,9,220,0.0
11,Test_pour_AFPA,9,225,0.0
12,Test_pour_AFPA,9,230,0.0
13,Test_pour_AFPA,9,235,0.0
14,Test_pour_AFPA,9,240,0.0
15,Test_pour_AFPA,9,245,0.0
16,Test_pour_AFPA,9,250,0.0
17,Test_pour_AFPA,9,255,0.0
18,Test_pour_AFPA,9,260,0.0
19,Test_pour_AFPA,9,265,0.0
20,Test_pour_AFPA,9,270,0.0
21,Test_pour_AFPA,9,275,0.0
22,Test_pour_AFPA,9,280,0.0
23,Test_pour_AFPA,9,285,0.0
24,Test_pour_AFPA,9,290,0.0
25,Test_pour_AFPA,9,295,0.0
26,Test_pour_AFPA,9,300,0.0
27,Test_pour_AFPA,9,305,0.0
28,Test_pour_AFPA,9,310,0.0
29,Test_pour_AFPA,9,315,0.0
30,Test_pour_AFPA,10,315,0.0
31,Test_pour_AFPA,10,320,0.0
32,Test_pour_AFPA,10,325,0.0
33,Test_pour_AFPA,10,330,0.0
34,Test_pour_AFPA,10,335,0.0
35,Test_pour_AFPA,10,340,0.0
36,Test_pour_AFPA,10,345,0.0
37,Test_pour_AFPA,10,350,0.0
38,Test_pour_AFPA,10,355,0.0
39,Test_pour_AFPA,10,360,0.0
40,Test_pour_AFPA,10,365,0.0
41,Test_pour_AFPA,10,370,0.0
42,Test_pour_AFPA,10,375,0.0
43,Test_pour_AFPA,10,380,0.0
44,Test_pour_AFPA,10,385,0.0
45,Test_pour_AFPA,11,385,0.0
46,Test_pour_AFPA,11,390,0.0
47,Test_pour_AFPA,11,395,0.0
48,Test_pour_AFPA,11,400,0.0
49,Test_pour_AFPA,11,405,0.0
50,Test_pour_AFPA,11,410,0.0
51,Test_pour_AFPA,11,415,0.0
52,Test_pour_AFPA,11,420,0.0
53,Test_pour_AFPA,11,425,0.0
54,Test_pour_AFPA,11,430,0.0
55,Test_pour_AFPA,11,435,0.0
56,Test_pour_AFPA,11,440,0.0
57,Test_pour_AFPA,11,445,0.0
58,Test_pour_AFPA,11,450,0.0
59,Test_pour_AFPA,11,455,0.0
60,Test_pour_AFPA,11,460,0.0
61,Test_pour_AFPA,11,465,0.0
62,Test_pour_AFPA,11,470,0.0
63,Test_pour_AFPA,11,475,0.0
64,Test_pour_AFPA,11,480,0.0
65,Test_pour_AFPA,17,650,0.0
66,Test_pour_AFPA,17,655,0.0
67,Test_pour_AFPA,17,660,0.0
68,Test_pour_AFPA,17,665,0.0
69,Test_pour_AFPA,17,670,0.0
70,Test_pour_AFPA,17,675,0.0
71,Video_1,8,110,0.0
72,Video_1,8,115,0.0
73,Video_1,8,120,0.0
74,Video_1,8,125,0.0
75,Video_1,8,130,0.0
76,Video_1,8,135,0.0
77,Video_1,8,140,0.0
78,Video_1,8,145,0.0
79,Video_1,8,150,0.0
80,Video_1,8,155,0.0
81,Video_1,9,160,0.0
82,Video_1,9,165,0.0
83,Video_1,9,170,0.0
84,Video_1,9,175,0.0
85,Video_1,9,180,0.0
86,Video_1,9,185,0.0
87,Video_1,9,190,0.0
88,Video_1,9,195,0.0
89,Video_1,9,200,0.0
90,Video_1,9,205,0.0
91,Video_1,9,210,0.0
92,Video_1,9,215,0.0
93,Video_1,9,220,0.0
94,Video_1,9,225,0.0
95,Video_1,9,230,0.0
96,Video_1,9,235,0.0
97,Video_1,9,240,0.0
98,Video_1,9,245,0.0
99,Video_1,9,250,0.0
100,Video_1,9,255,0.0
101,Video_1,10,255,0.0
102,Video_1,10,260,0.0
103,Video_1,10,265,0.0
104,Video_1,10,270,0.0
105,Video_1,10,275,0.0
106,Video_1,10,280,0.0
107,Video_1,10,285,0.0
108,Video_1,10,290,0.0
109,Video_1,10,295,0.0
110,Video_1,10,300,0.0
111,Video_1,10,305,0.0
112,Video_1,10,310,0.0
113,Video_1,10,315,0.0
114,Video_1,10,320,0.0
115,Video_1,10,325,0.0
116,Video_1,11,325,1.0
117,Video_1,11,330,1.0
118,Video_1,11,335,1.0
119,Video_1,11,340,1.0
120,Video_1,11,345,1.0
121,Video_1,11,350,1.0
122,Video_1,11,355,1.0
123,Video_1,11,360,1.0
124,Video_1,11,365,1.0
125,Video_1,11,370,1.0
126,Video_1,11,375,1.0
127,Video_1,11,380,1.0
128,Video_1,11,385,1.0
129,Video_1,11,390,1.0
130,Video_1,11,395,1.0
131,Video_1,11,400,1.0
132,Video_1,11,405,1.0
133,Video_1,11,410,1.0
134,Video_1,11,415,1.0
135,Video_1,11,420,1.0
136,Video_1,17,560,1.0
137,Video_1,17,565,1.0
138,Video_1,17,570,1.0
139,Video_1,17,575,1.0
140,Video_1,17,580,1.0
141,Video_1,17,585,1.0
142,Video_1,17,590,1.0
143,WIN_20210323_19_17_40_Pro,8,165,0.0
144,WIN_20210323_19_17_40_Pro,8,170,0.0
145,WIN_20210323_19_17_40_Pro,8,175,0.0
146,WIN_20210323_19_17_40_Pro,8,180,0.0
147,WIN_20210323_19_17_40_Pro,8,185,0.0
148,WIN_20210323_19_17_40_Pro,8,190,0.0
149,WIN_20210323_19_17_40_Pro,8,195,0.0
150,WIN_20210323_19_17_40_Pro,8,200,0.0
151,WIN_20210323_19_17_40_Pro,8,205,0.0
152,WIN_20210323_19_17_40_Pro,8,210,0.0
153,WIN_20210323_19_17_40_Pro,8,215,0.0
154,WIN_20210323_19_17_40_Pro,9,215,1.0
155,WIN_20210323_19_17_40_Pro,9,220,1.0
156,WIN_20210323_19_17_40_Pro,9,225,1.0
157,WIN_20210323_19_17_40_Pro,9,230,1.0
158,WIN_20210323_19_17_40_Pro,9,235,1.0
159,WIN_20210323_19_17_40_Pro,9,240,1.0
160,WIN_20210323_19_17_40_Pro,9,245,1.0
161,WIN_20210323_19_17_40_Pro,9,250,1.0
162,WIN_20210323_19_17_40_Pro,9,255,1.0
163,WIN_20210323_19_17_40_Pro,9,260,1.0
164,WIN_20210323_19_17_40_Pro,9,265,1.0
165,WIN_20210323_19_17_40_Pro,9,270,1.0
166,WIN_20210323_19_17_40_Pro,9,275,1.0
167,WIN_20210323_19_17_40_Pro,9,280,1.0
168,WIN_20210323_19_17_40_Pro,9,285,1.0
169,WIN_20210323_19_17_40_Pro,9,290,1.0
170,WIN_20210323_19_17_40_Pro,9,295,1.0
171,WIN_20210323_19_17_40_Pro,9,300,1.0
172,WIN_20210323_19_17_40_Pro,9,305,1.0
173,WIN_20210323_19_17_40_Pro,9,310,1.0
174,WIN_20210323_19_17_40_Pro,9,315,1.0
175,WIN_20210323_19_17_40_Pro,10,315,1.0
176,WIN_20210323_19_17_40_Pro,10,320,1.0
177,WIN_20210323_19_17_40_Pro,10,325,1.0
178,WIN_20210323_19_17_40_Pro,10,330,1.0
179,WIN_20210323_19_17_40_Pro,10,335,1.0
180,WIN_20210323_19_17_40_Pro,10,340,1.0
181,WIN_20210323_19_17_40_Pro,10,345,1.0
182,WIN_20210323_19_17_40_Pro,10,350,1.0
183,WIN_20210323_19_17_40_Pro,10,355,1.0
184,WIN_20210323_19_17_40_Pro,10,360,1.0
185,WIN_20210323_19_17_40_Pro,10,365,1.0
186,WIN_20210323_19_17_40_Pro,10,370,1.0
187,WIN_20210323_19_17_40_Pro,10,375,1.0
188,WIN_20210323_19_17_40_Pro,10,380,1.0
189,WIN_20210323_19_17_40_Pro,11,380,1.0
190,WIN_20210323_19_17_40_Pro,11,385,1.0
191,WIN_20210323_19_17_40_Pro,11,390,1.0
192,WIN_20210323_19_17_40_Pro,11,395,1.0
193,WIN_20210323_19_17_40_Pro,11,400,1.0
194,WIN_20210323_19_17_40_Pro,11,405,1.0
195,WIN_20210323_19_17_40_Pro,11,410,1.0
196,WIN_20210323_19_17_40_Pro,11,415,1.0
197,WIN_20210323_19_17_40_Pro,11,420,1.0
198,WIN_20210323_19_17_40_Pro,11,425,1.0
199,WIN_20210323_19_17_40_Pro,11,430,1.0
200,WIN_20210323_19_17_40_Pro,11,435,1.0
201,WIN_20210323_19_17_40_Pro,11,440,1.0
202,WIN_20210323_19_17_40_Pro,11,445,1.0
203,WIN_20210323_19_17_40_Pro,11,450,1.0
204,WIN_20210323_19_17_40_Pro,11,455,1.0
205,WIN_20210323_19_17_40_Pro,11,460,1.0
206,WIN_20210323_19_17_40_Pro,11,465,1.0
207,WIN_20210323_19_17_40_Pro,11,470,1.0
208,WIN_20210323_19_17_40_Pro,11,475,1.0
209,WIN_20210323_19_17_40_Pro,17,650,1.0
210,WIN_20210323_19_17_40_Pro,17,655,1.0
211,WIN_20210323_19_17_40_Pro,17,660,1.0
212,WIN_20210323_19_17_40_Pro,17,665,1.0
213,WIN_20210323_19_17_40_Pro,17,670,1.0
214,WIN_20210323_19_17_40_Pro,17,675,1.0
215,WIN_20210329_10_16_02_Pro,8,150,0.0
216,WIN_20210329_10_16_02_Pro,8,155,0.0
217,WIN_20210329_10_16_02_Pro,8,160,0.0
218,WIN_20210329_10_16_02_Pro,8,165,0.0
219,WIN_20210329_10_16_02_Pro,8,170,0.0
220,WIN_20210329_10_16_02_Pro,8,175,0.0
221,WIN_20210329_10_16_02_Pro,8,180,0.0
222,WIN_20210329_10_16_02_Pro,8,185,0.0
223,WIN_20210329_10_16_02_Pro,8,190,0.0
224,WIN_20210329_10_16_02_Pro,8,195,0.0
225,WIN_20210329_10_16_02_Pro,9,200,1.0
226,WIN_20210329_10_16_02_Pro,9,205,1.0
227,WIN_20210329_10_16_02_Pro,9,210,1.0
228,WIN_20210329_10_16_02_Pro,9,215,1.0
229,WIN_20210329_10_16_02_Pro,9,220,1.0
230,WIN_20210329_10_16_02_Pro,9,225,1.0
231,WIN_20210329_10_16_02_Pro,9,230,1.0
232,WIN_20210329_10_16_02_Pro,9,235,1.0
233,WIN_20210329_10_16_02_Pro,9,240,1.0
234,WIN_20210329_10_16_02_Pro,9,245,1.0
235,WIN_20210329_10_16_02_Pro,9,250,1.0
236,WIN_20210329_10_16_02_Pro,9,255,1.0
237,WIN_20210329_10_16_02_Pro,9,260,1.0
238,WIN_20210329_10_16_02_Pro,9,265,1.0
239,WIN_20210329_10_16_02_Pro,9,270,1.0
240,WIN_20210329_10_16_02_Pro,9,275,1.0
241,WIN_20210329_10_16_02_Pro,9,280,1.0
242,WIN_20210329_10_16_02_Pro,9,285,1.0
243,WIN_20210329_10_16_02_Pro,9,290,1.0
244,WIN_20210329_10_16_02_Pro,9,295,1.0
245,WIN_20210329_10_16_02_Pro,10,295,1.0
246,WIN_20210329_10_16_02_Pro,10,300,1.0
247,WIN_20210329_10_16_02_Pro,10,305,1.0
248,WIN_20210329_10_16_02_Pro,10,310,1.0
249,WIN_20210329_10_16_02_Pro,10,315,1.0
250,WIN_20210329_10_16_02_Pro,10,320,1.0
251,WIN_20210329_10_16_02_Pro,10,325,1.0
252,WIN_20210329_10_16_02_Pro,10,330,1.0
253,WIN_20210329_10_16_02_Pro,10,335,1.0
254,WIN_20210329_10_16_02_Pro,10,340,1.0
255,WIN_20210329_10_16_02_Pro,10,345,1.0
256,WIN_20210329_10_16_02_Pro,10,350,1.0
257,WIN_20210329_10_16_02_Pro,10,355,1.0
258,WIN_20210329_10_16_02_Pro,10,360,1.0
259,WIN_20210329_10_16_02_Pro,10,365,1.0
260,WIN_20210329_10_16_02_Pro,11,365,0.0
261,WIN_20210329_10_16_02_Pro,11,370,0.0
262,WIN_20210329_10_16_02_Pro,11,375,0.0
263,WIN_20210329_10_16_02_Pro,11,380,0.0
264,WIN_20210329_10_16_02_Pro,11,385,0.0
265,WIN_20210329_10_16_02_Pro,11,390,0.0
266,WIN_20210329_10_16_02_Pro,11,395,0.0
267,WIN_20210329_10_16_02_Pro,11,400,0.0
268,WIN_20210329_10_16_02_Pro,11,405,0.0
269,WIN_20210329_10_16_02_Pro,11,410,0.0
270,WIN_20210329_10_16_02_Pro,11,415,0.0
271,WIN_20210329_10_16_02_Pro,11,420,0.0
272,WIN_20210329_10_16_02_Pro,11,425,0.0
273,WIN_20210329_10_16_02_Pro,11,430,0.0
274,WIN_20210329_10_16_02_Pro,11,435,0.0
275,WIN_20210329_10_16_02_Pro,11,440,0.0
276,WIN_20210329_10_16_02_Pro,11,445,0.0
277,WIN_20210329_10_16_02_Pro,11,450,0.0
278,WIN_20210329_10_16_02_Pro,11,455,0.0
279,WIN_20210329_10_16_02_Pro,11,460,0.0
280,WIN_20210329_10_16_02_Pro,17,605,0.0
281,WIN_20210329_10_16_02_Pro,17,610,0.0
282,WIN_20210329_10_16_02_Pro,17,615,0.0
283,WIN_20210329_10_16_02_Pro,17,620,0.0
284,WIN_20210329_10_16_02_Pro,17,625,0.0
285,WIN_20210329_10_16_02_Pro,17,630,0.0
286,WIN_20210329_10_16_02_Pro,17,635,0.0
287,WIN_20210330_13_10_29_Pro,8,90,0.0
288,WIN_20210330_13_10_29_Pro,8,95,0.0
289,WIN_20210330_13_10_29_Pro,8,100,0.0
290,WIN_20210330_13_10_29_Pro,8,105,0.0
291,WIN_20210330_13_10_29_Pro,8,110,0.0
292,WIN_20210330_13_10_29_Pro,8,115,0.0
293,WIN_20210330_13_10_29_Pro,8,120,0.0
294,WIN_20210330_13_10_29_Pro,8,125,0.0
295,WIN_20210330_13_10_29_Pro,8,130,0.0
296,WIN_20210330_13_10_29_Pro,8,135,0.0
297,WIN_20210330_13_10_29_Pro,8,140,0.0
298,WIN_20210330_13_10_29_Pro,9,140,0.0
299,WIN_20210330_13_10_29_Pro,9,145,0.0
300,WIN_20210330_13_10_29_Pro,9,150,0.0
301,WIN_20210330_13_10_29_Pro,9,155,0.0
302,WIN_20210330_13_10_29_Pro,9,160,0.0
303,WIN_20210330_13_10_29_Pro,9,165,0.0
304,WIN_20210330_13_10_29_Pro,9,170,0.0
305,WIN_20210330_13_10_29_Pro,9,175,0.0
306,WIN_20210330_13_10_29_Pro,9,180,0.0
307,WIN_20210330_13_10_29_Pro,9,185,0.0
308,WIN_20210330_13_10_29_Pro,9,190,0.0
309,WIN_20210330_13_10_29_Pro,9,195,0.0
310,WIN_20210330_13_10_29_Pro,9,200,0.0
311,WIN_20210330_13_10_29_Pro,9,205,0.0
312,WIN_20210330_13_10_29_Pro,9,210,0.0
313,WIN_20210330_13_10_29_Pro,9,215,0.0
314,WIN_20210330_13_10_29_Pro,9,220,0.0
315,WIN_20210330_13_10_29_Pro,9,225,0.0
316,WIN_20210330_13_10_29_Pro,9,230,0.0
317,WIN_20210330_13_10_29_Pro,9,235,0.0
318,WIN_20210330_13_10_29_Pro,9,240,0.0
319,WIN_20210330_13_10_29_Pro,10,240,0.0
320,WIN_20210330_13_10_29_Pro,10,245,0.0
321,WIN_20210330_13_10_29_Pro,10,250,0.0
322,WIN_20210330_13_10_29_Pro,10,255,0.0
323,WIN_20210330_13_10_29_Pro,10,260,0.0
324,WIN_20210330_13_10_29_Pro,10,265,0.0
325,WIN_20210330_13_10_29_Pro,10,270,0.0
326,WIN_20210330_13_10_29_Pro,10,275,0.0
327,WIN_20210330_13_10_29_Pro,10,280,0.0
328,WIN_20210330_13_10_29_Pro,10,285,0.0
329,WIN_20210330_13_10_29_Pro,10,290,0.0
330,WIN_20210330_13_10_29_Pro,10,295,0.0
331,WIN_20210330_13_10_29_Pro,10,300,0.0
332,WIN_20210330_13_10_29_Pro,10,305,0.0
333,WIN_20210330_13_10_29_Pro,11,310,1.0
334,WIN_20210330_13_10_29_Pro,11,315,1.0
335,WIN_20210330_13_10_29_Pro,11,320,1.0
336,WIN_20210330_13_10_29_Pro,11,325,1.0
337,WIN_20210330_13_10_29_Pro,11,330,1.0
338,WIN_20210330_13_10_29_Pro,11,335,1.0
339,WIN_20210330_13_10_29_Pro,11,340,1.0
340,WIN_20210330_13_10_29_Pro,11,345,1.0
341,WIN_20210330_13_10_29_Pro,11,350,1.0
342,WIN_20210330_13_10_29_Pro,11,355,1.0
343,WIN_20210330_13_10_29_Pro,11,360,1.0
344,WIN_20210330_13_10_29_Pro,11,365,1.0
345,WIN_20210330_13_10_29_Pro,11,370,1.0
346,WIN_20210330_13_10_29_Pro,11,375,1.0
347,WIN_20210330_13_10_29_Pro,11,380,1.0
348,WIN_20210330_13_10_29_Pro,11,385,1.0
349,WIN_20210330_13_10_29_Pro,11,390,1.0
350,WIN_20210330_13_10_29_Pro,11,395,1.0
351,WIN_20210330_13_10_29_Pro,11,400,1.0
352,WIN_20210330_13_10_29_Pro,11,405,1.0
353,WIN_20210330_13_10_29_Pro,17,625,0.0
354,WIN_20210330_13_10_29_Pro,17,630,0.0
355,WIN_20210330_13_10_29_Pro,17,635,0.0
356,WIN_20210330_13_10_29_Pro,17,640,0.0
357,WIN_20210330_13_10_29_Pro,17,645,0.0
358,WIN_20210330_13_10_29_Pro,17,650,0.0
359,WIN_20210330_13_10_29_Pro,17,655,0.0
360,WIN_20210331_21_22_52_Pro,8,130,0.0
361,WIN_20210331_21_22_52_Pro,8,135,0.0
362,WIN_20210331_21_22_52_Pro,8,140,0.0
363,WIN_20210331_21_22_52_Pro,8,145,0.0
364,WIN_20210331_21_22_52_Pro,8,150,0.0
365,WIN_20210331_21_22_52_Pro,8,155,0.0
366,WIN_20210331_21_22_52_Pro,8,160,0.0
367,WIN_20210331_21_22_52_Pro,8,165,0.0
368,WIN_20210331_21_22_52_Pro,8,170,0.0
369,WIN_20210331_21_22_52_Pro,8,175,0.0
370,WIN_20210331_21_22_52_Pro,8,180,0.0
371,WIN_20210331_21_22_52_Pro,9,180,1.0
372,WIN_20210331_21_22_52_Pro,9,185,1.0
373,WIN_20210331_21_22_52_Pro,9,190,1.0
374,WIN_20210331_21_22_52_Pro,9,195,1.0
375,WIN_20210331_21_22_52_Pro,9,200,1.0
376,WIN_20210331_21_22_52_Pro,9,205,1.0
377,WIN_20210331_21_22_52_Pro,9,210,1.0
378,WIN_20210331_21_22_52_Pro,9,215,1.0
379,WIN_20210331_21_22_52_Pro,9,220,1.0
380,WIN_20210331_21_22_52_Pro,9,225,1.0
381,WIN_20210331_21_22_52_Pro,9,230,1.0
382,WIN_20210331_21_22_52_Pro,9,235,1.0
383,WIN_20210331_21_22_52_Pro,9,240,1.0
384,WIN_20210331_21_22_52_Pro,9,245,1.0
385,WIN_20210331_21_22_52_Pro,9,250,1.0
386,WIN_20210331_21_22_52_Pro,9,255,1.0
387,WIN_20210331_21_22_52_Pro,9,260,1.0
388,WIN_20210331_21_22_52_Pro,9,265,1.0
389,WIN_20210331_21_22_52_Pro,9,270,1.0
390,WIN_20210331_21_22_52_Pro,9,275,1.0
391,WIN_20210331_21_22_52_Pro,10,280,1.0
392,WIN_20210331_21_22_52_Pro,10,285,1.0
393,WIN_20210331_21_22_52_Pro,10,290,1.0
394,WIN_20210331_21_22_52_Pro,10,295,1.0
395,WIN_20210331_21_22_52_Pro,10,300,1.0
396,WIN_20210331_21_22_52_Pro,10,305,1.0
397,WIN_20210331_21_22_52_Pro,10,310,1.0
398,WIN_20210331_21_22_52_Pro,10,315,1.0
399,WIN_20210331_21_22_52_Pro,10,320,1.0
400,WIN_20210331_21_22_52_Pro,10,325,1.0
401,WIN_20210331_21_22_52_Pro,10,330,1.0
402,WIN_20210331_21_22_52_Pro,10,335,1.0
403,WIN_20210331_21_22_52_Pro,10,340,1.0
404,WIN_20210331_21_22_52_Pro,10,345,1.0
405,WIN_20210331_21_22_52_Pro,11,345,1.0
406,WIN_20210331_21_22_52_Pro,11,350,1.0
407,WIN_20210331_21_22_52_Pro,11,355,1.0
408,WIN_20210331_21_22_52_Pro,11,360,1.0
409,WIN_20210331_21_22_52_Pro,11,365,1.0
410,WIN_20210331_21_22_52_Pro,11,370,1.0
411,WIN_20210331_21_22_52_Pro,11,375,1.0
412,WIN_20210331_21_22_52_Pro,11,380,1.0
413,WIN_20210331_21_22_52_Pro,11,385,1.0
414,WIN_20210331_21_22_52_Pro,11,390,1.0
415,WIN_20210331_21_22_52_Pro,11,395,1.0
416,WIN_20210331_21_22_52_Pro,11,400,1.0
417,WIN_20210331_21_22_52_Pro,11,405,1.0
418,WIN_20210331_21_22_52_Pro,11,410,1.0
419,WIN_20210331_21_22_52_Pro,11,415,1.0
420,WIN_20210331_21_22_52_Pro,11,420,1.0
421,WIN_20210331_21_22_52_Pro,11,425,1.0
422,WIN_20210331_21_22_52_Pro,11,430,1.0
423,WIN_20210331_21_22_52_Pro,11,435,1.0
424,WIN_20210331_21_22_52_Pro,11,440,1.0
425,WIN_20210331_21_22_52_Pro,17,590,0.0
426,WIN_20210331_21_22_52_Pro,17,595,0.0
427,WIN_20210331_21_22_52_Pro,17,600,0.0
428,WIN_20210331_21_22_52_Pro,17,605,0.0
429,WIN_20210331_21_22_52_Pro,17,610,0.0
430,WIN_20210331_21_22_52_Pro,17,615,0.0
431,WIN_20210402_14_27_50_Pro,8,195,1.0
432,WIN_20210402_14_27_50_Pro,8,200,1.0
433,WIN_20210402_14_27_50_Pro,8,205,1.0
434,WIN_20210402_14_27_50_Pro,8,210,1.0
435,WIN_20210402_14_27_50_Pro,8,215,1.0
436,WIN_20210402_14_27_50_Pro,8,220,1.0
437,WIN_20210402_14_27_50_Pro,8,225,1.0
438,WIN_20210402_14_27_50_Pro,8,230,1.0
439,WIN_20210402_14_27_50_Pro,8,235,1.0
440,WIN_20210402_14_27_50_Pro,8,240,1.0
441,WIN_20210402_14_27_50_Pro,9,245,1.0
442,WIN_20210402_14_27_50_Pro,9,250,1.0
443,WIN_20210402_14_27_50_Pro,9,255,1.0
444,WIN_20210402_14_27_50_Pro,9,260,1.0
445,WIN_20210402_14_27_50_Pro,9,265,1.0
446,WIN_20210402_14_27_50_Pro,9,270,1.0
447,WIN_20210402_14_27_50_Pro,9,275,1.0
448,WIN_20210402_14_27_50_Pro,9,280,1.0
449,WIN_20210402_14_27_50_Pro,9,285,1.0
450,WIN_20210402_14_27_50_Pro,9,290,1.0
451,WIN_20210402_14_27_50_Pro,9,295,1.0
452,WIN_20210402_14_27_50_Pro,9,300,1.0
453,WIN_20210402_14_27_50_Pro,9,305,1.0
454,WIN_20210402_14_27_50_Pro,9,310,1.0
455,WIN_20210402_14_27_50_Pro,9,315,1.0
456,WIN_20210402_14_27_50_Pro,9,320,1.0
457,WIN_20210402_14_27_50_Pro,9,325,1.0
458,WIN_20210402_14_27_50_Pro,9,330,1.0
459,WIN_20210402_14_27_50_Pro,9,335,1.0
460,WIN_20210402_14_27_50_Pro,9,340,1.0
461,WIN_20210402_14_27_50_Pro,10,340,2.0
462,WIN_20210402_14_27_50_Pro,10,345,2.0
463,WIN_20210402_14_27_50_Pro,10,350,2.0
464,WIN_20210402_14_27_50_Pro,10,355,2.0
465,WIN_20210402_14_27_50_Pro,10,360,2.0
466,WIN_20210402_14_27_50_Pro,10,365,2.0
467,WIN_20210402_14_27_50_Pro,10,370,2.0
468,WIN_20210402_14_27_50_Pro,10,375,2.0
469,WIN_20210402_14_27_50_Pro,10,380,2.0
470,WIN_20210402_14_27_50_Pro,10,385,2.0
471,WIN_20210402_14_27_50_Pro,10,390,2.0
472,WIN_20210402_14_27_50_Pro,10,395,2.0
473,WIN_20210402_14_27_50_Pro,10,400,2.0
474,WIN_20210402_14_27_50_Pro,10,405,2.0
475,WIN_20210402_14_27_50_Pro,10,410,2.0
476,WIN_20210402_14_27_50_Pro,11,410,1.0
477,WIN_20210402_14_27_50_Pro,11,415,1.0
478,WIN_20210402_14_27_50_Pro,11,420,1.0
479,WIN_20210402_14_27_50_Pro,11,425,1.0
480,WIN_20210402_14_27_50_Pro,11,430,1.0
481,WIN_20210402_14_27_50_Pro,11,435,1.0
482,WIN_20210402_14_27_50_Pro,11,440,1.0
483,WIN_20210402_14_27_50_Pro,11,445,1.0
484,WIN_20210402_14_27_50_Pro,11,450,1.0
485,WIN_20210402_14_27_50_Pro,11,455,1.0
486,WIN_20210402_14_27_50_Pro,11,460,1.0
487,WIN_20210402_14_27_50_Pro,11,465,1.0
488,WIN_20210402_14_27_50_Pro,11,470,1.0
489,WIN_20210402_14_27_50_Pro,11,475,1.0
490,WIN_20210402_14_27_50_Pro,11,480,1.0
491,WIN_20210402_14_27_50_Pro,11,485,1.0
492,WIN_20210402_14_27_50_Pro,11,490,1.0
493,WIN_20210402_14_27_50_Pro,11,495,1.0
494,WIN_20210402_14_27_50_Pro,11,500,1.0
495,WIN_20210402_14_27_50_Pro,11,505,1.0
496,WIN_20210402_14_27_50_Pro,17,660,1.0
497,WIN_20210402_14_27_50_Pro,17,665,1.0
498,WIN_20210402_14_27_50_Pro,17,670,1.0
499,WIN_20210402_14_27_50_Pro,17,675,1.0
500,WIN_20210402_14_27_50_Pro,17,680,1.0
501,WIN_20210402_14_27_50_Pro,17,685,1.0
502,WIN_20210402_14_27_50_Pro,17,690,1.0
503,WIN_20210402_19_04_53_Pro,8,165,1.0
504,WIN_20210402_19_04_53_Pro,8,170,1.0
505,WIN_20210402_19_04_53_Pro,8,175,1.0
506,WIN_20210402_19_04_53_Pro,8,180,1.0
507,WIN_20210402_19_04_53_Pro,8,185,1.0
508,WIN_20210402_19_04_53_Pro,8,190,1.0
509,WIN_20210402_19_04_53_Pro,8,195,1.0
510,WIN_20210402_19_04_53_Pro,8,200,1.0
511,WIN_20210402_19_04_53_Pro,8,205,1.0
512,WIN_20210402_19_04_53_Pro,8,210,1.0
513,WIN_20210402_19_04_53_Pro,8,215,1.0
514,WIN_20210402_19_04_53_Pro,9,215,1.0
515,WIN_20210402_19_04_53_Pro,9,220,1.0
516,WIN_20210402_19_04_53_Pro,9,225,1.0
517,WIN_20210402_19_04_53_Pro,9,230,1.0
518,WIN_20210402_19_04_53_Pro,9,235,1.0
519,WIN_20210402_19_04_53_Pro,9,240,1.0
520,WIN_20210402_19_04_53_Pro,9,245,1.0
521,WIN_20210402_19_04_53_Pro,9,250,1.0
522,WIN_20210402_19_04_53_Pro,9,255,1.0
523,WIN_20210402_19_04_53_Pro,9,260,1.0
524,WIN_20210402_19_04_53_Pro,9,265,1.0
525,WIN_20210402_19_04_53_Pro,9,270,1.0
526,WIN_20210402_19_04_53_Pro,9,275,1.0
527,WIN_20210402_19_04_53_Pro,9,280,1.0
528,WIN_20210402_19_04_53_Pro,9,285,1.0
529,WIN_20210402_19_04_53_Pro,9,290,1.0
530,WIN_20210402_19_04_53_Pro,9,295,1.0
531,WIN_20210402_19_04_53_Pro,9,300,1.0
532,WIN_20210402_19_04_53_Pro,9,305,1.0
533,WIN_20210402_19_04_53_Pro,9,310,1.0
534,WIN_20210402_19_04_53_Pro,9,315,1.0
535,WIN_20210402_19_04_53_Pro,10,315,1.0
536,WIN_20210402_19_04_53_Pro,10,320,1.0
537,WIN_20210402_19_04_53_Pro,10,325,1.0
538,WIN_20210402_19_04_53_Pro,10,330,1.0
539,WIN_20210402_19_04_53_Pro,10,335,1.0
540,WIN_20210402_19_04_53_Pro,10,340,1.0
541,WIN_20210402_19_04_53_Pro,10,345,1.0
542,WIN_20210402_19_04_53_Pro,10,350,1.0
543,WIN_20210402_19_04_53_Pro,10,355,1.0
544,WIN_20210402_19_04_53_Pro,10,360,1.0
545,WIN_20210402_19_04_53_Pro,10,365,1.0
546,WIN_20210402_19_04_53_Pro,10,370,1.0
547,WIN_20210402_19_04_53_Pro,10,375,1.0
548,WIN_20210402_19_04_53_Pro,10,380,1.0
549,WIN_20210402_19_04_53_Pro,11,385,1.0
550,WIN_20210402_19_04_53_Pro,11,390,1.0
551,WIN_20210402_19_04_53_Pro,11,395,1.0
552,WIN_20210402_19_04_53_Pro,11,400,1.0
553,WIN_20210402_19_04_53_Pro,11,405,1.0
554,WIN_20210402_19_04_53_Pro,11,410,1.0
555,WIN_20210402_19_04_53_Pro,11,415,1.0
556,WIN_20210402_19_04_53_Pro,11,420,1.0
557,WIN_20210402_19_04_53_Pro,11,425,1.0
558,WIN_20210402_19_04_53_Pro,11,430,1.0
559,WIN_20210402_19_04_53_Pro,11,435,1.0
560,WIN_20210402_19_04_53_Pro,11,440,1.0
561,WIN_20210402_19_04_53_Pro,11,445,1.0
562,WIN_20210402_19_04_53_Pro,11,450,1.0
563,WIN_20210402_19_04_53_Pro,11,455,1.0
564,WIN_20210402_19_04_53_Pro,11,460,1.0
565,WIN_20210402_19_04_53_Pro,11,465,1.0
566,WIN_20210402_19_04_53_Pro,11,470,1.0
567,WIN_20210402_19_04_53_Pro,11,475,1.0
568,WIN_20210402_19_04_53_Pro,11,480,1.0
569,WIN_20210402_19_04_53_Pro,17,645,1.0
570,WIN_20210402_19_04_53_Pro,17,650,1.0
571,WIN_20210402_19_04_53_Pro,17,655,1.0
572,WIN_20210402_19_04_53_Pro,17,660,1.0
573,WIN_20210402_19_04_53_Pro,17,665,1.0
574,WIN_20210402_19_04_53_Pro,17,670,1.0
575,WIN_20210403_18_49_15_Pro,8,210,1.0
576,WIN_20210403_18_49_15_Pro,8,215,1.0
577,WIN_20210403_18_49_15_Pro,8,220,1.0
578,WIN_20210403_18_49_15_Pro,8,225,1.0
579,WIN_20210403_18_49_15_Pro,8,230,1.0
580,WIN_20210403_18_49_15_Pro,8,235,1.0
581,WIN_20210403_18_49_15_Pro,8,240,1.0
582,WIN_20210403_18_49_15_Pro,8,245,1.0
583,WIN_20210403_18_49_15_Pro,8,250,1.0
584,WIN_20210403_18_49_15_Pro,8,255,1.0
585,WIN_20210403_18_49_15_Pro,8,260,1.0
586,WIN_20210403_18_49_15_Pro,9,260,1.0
587,WIN_20210403_18_49_15_Pro,9,265,1.0
588,WIN_20210403_18_49_15_Pro,9,270,1.0
589,WIN_20210403_18_49_15_Pro,9,275,1.0
590,WIN_20210403_18_49_15_Pro,9,280,1.0
591,WIN_20210403_18_49_15_Pro,9,285,1.0
592,WIN_20210403_18_49_15_Pro,9,290,1.0
593,WIN_20210403_18_49_15_Pro,9,295,1.0
594,WIN_20210403_18_49_15_Pro,9,300,1.0
595,WIN_20210403_18_49_15_Pro,9,305,1.0
596,WIN_20210403_18_49_15_Pro,9,310,1.0
597,WIN_20210403_18_49_15_Pro,9,315,1.0
598,WIN_20210403_18_49_15_Pro,9,320,1.0
599,WIN_20210403_18_49_15_Pro,9,325,1.0
600,WIN_20210403_18_49_15_Pro,9,330,1.0
601,WIN_20210403_18_49_15_Pro,9,335,1.0
602,WIN_20210403_18_49_15_Pro,9,340,1.0
603,WIN_20210403_18_49_15_Pro,9,345,1.0
604,WIN_20210403_18_49_15_Pro,9,350,1.0
605,WIN_20210403_18_49_15_Pro,9,355,1.0
606,WIN_20210403_18_49_15_Pro,9,360,1.0
607,WIN_20210403_18_49_15_Pro,10,360,1.0
608,WIN_20210403_18_49_15_Pro,10,365,1.0
609,WIN_20210403_18_49_15_Pro,10,370,1.0
610,WIN_20210403_18_49_15_Pro,10,375,1.0
611,WIN_20210403_18_49_15_Pro,10,380,1.0
612,WIN_20210403_18_49_15_Pro,10,385,1.0
613,WIN_20210403_18_49_15_Pro,10,390,1.0
614,WIN_20210403_18_49_15_Pro,10,395,1.0
615,WIN_20210403_18_49_15_Pro,10,400,1.0
616,WIN_20210403_18_49_15_Pro,10,405,1.0
617,WIN_20210403_18_49_15_Pro,10,410,1.0
618,WIN_20210403_18_49_15_Pro,10,415,1.0
619,WIN_20210403_18_49_15_Pro,10,420,1.0
620,WIN_20210403_18_49_15_Pro,10,425,1.0
621,WIN_20210403_18_49_15_Pro,11,425,1.0
622,WIN_20210403_18_49_15_Pro,11,430,1.0
623,WIN_20210403_18_49_15_Pro,11,435,1.0
624,WIN_20210403_18_49_15_Pro,11,440,1.0
625,WIN_20210403_18_49_15_Pro,11,445,1.0
626,WIN_20210403_18_49_15_Pro,11,450,1.0
627,WIN_20210403_18_49_15_Pro,11,455,1.0
628,WIN_20210403_18_49_15_Pro,11,460,1.0
629,WIN_20210403_18_49_15_Pro,11,465,1.0
630,WIN_20210403_18_49_15_Pro,11,470,1.0
631,WIN_20210403_18_49_15_Pro,11,475,1.0
632,WIN_20210403_18_49_15_Pro,11,480,1.0
633,WIN_20210403_18_49_15_Pro,11,485,1.0
634,WIN_20210403_18_49_15_Pro,11,490,1.0
635,WIN_20210403_18_49_15_Pro,11,495,1.0
636,WIN_20210403_18_49_15_Pro,11,500,1.0
637,WIN_20210403_18_49_15_Pro,11,505,1.0
638,WIN_20210403_18_49_15_Pro,11,510,1.0
639,WIN_20210403_18_49_15_Pro,11,515,1.0
640,WIN_20210403_18_49_15_Pro,11,520,1.0
641,WIN_20210403_18_49_15_Pro,17,690,2.0
642,WIN_20210403_18_49_15_Pro,17,695,2.0
643,WIN_20210403_18_49_15_Pro,17,700,2.0
644,WIN_20210403_18_49_15_Pro,17,705,2.0
645,WIN_20210403_18_49_15_Pro,17,710,2.0
646,WIN_20210403_18_49_15_Pro,17,715,2.0
647,WIN_20210404_10_58_27_Pro,8,210,1.0
648,WIN_20210404_10_58_27_Pro,8,215,1.0
649,WIN_20210404_10_58_27_Pro,8,220,1.0
650,WIN_20210404_10_58_27_Pro,8,225,1.0
651,WIN_20210404_10_58_27_Pro,8,230,1.0
652,WIN_20210404_10_58_27_Pro,8,235,1.0
653,WIN_20210404_10_58_27_Pro,8,240,1.0
654,WIN_20210404_10_58_27_Pro,8,245,1.0
655,WIN_20210404_10_58_27_Pro,8,250,1.0
656,WIN_20210404_10_58_27_Pro,8,255,1.0
657,WIN_20210404_10_58_27_Pro,8,260,1.0
658,WIN_20210404_10_58_27_Pro,9,260,1.0
659,WIN_20210404_10_58_27_Pro,9,265,1.0
660,WIN_20210404_10_58_27_Pro,9,270,1.0
661,WIN_20210404_10_58_27_Pro,9,275,1.0
662,WIN_20210404_10_58_27_Pro,9,280,1.0
663,WIN_20210404_10_58_27_Pro,9,285,1.0
664,WIN_20210404_10_58_27_Pro,9,290,1.0
665,WIN_20210404_10_58_27_Pro,9,295,1.0
666,WIN_20210404_10_58_27_Pro,9,300,1.0
667,WIN_20210404_10_58_27_Pro,9,305,1.0
668,WIN_20210404_10_58_27_Pro,9,310,1.0
669,WIN_20210404_10_58_27_Pro,9,315,1.0
670,WIN_20210404_10_58_27_Pro,9,320,1.0
671,WIN_20210404_10_58_27_Pro,9,325,1.0
672,WIN_20210404_10_58_27_Pro,9,330,1.0
673,WIN_20210404_10_58_27_Pro,9,335,1.0
674,WIN_20210404_10_58_27_Pro,9,340,1.0
675,WIN_20210404_10_58_27_Pro,9,345,1.0
676,WIN_20210404_10_58_27_Pro,9,350,1.0
677,WIN_20210404_10_58_27_Pro,9,355,1.0
678,WIN_20210404_10_58_27_Pro,9,360,1.0
679,WIN_20210404_10_58_27_Pro,10,360,1.0
680,WIN_20210404_10_58_27_Pro,10,365,1.0
681,WIN_20210404_10_58_27_Pro,10,370,1.0
682,WIN_20210404_10_58_27_Pro,10,375,1.0
683,WIN_20210404_10_58_27_Pro,10,380,1.0
684,WIN_20210404_10_58_27_Pro,10,385,1.0
685,WIN_20210404_10_58_27_Pro,10,390,1.0
686,WIN_20210404_10_58_27_Pro,10,395,1.0
687,WIN_20210404_10_58_27_Pro,10,400,1.0
688,WIN_20210404_10_58_27_Pro,10,405,1.0
689,WIN_20210404_10_58_27_Pro,10,410,1.0
690,WIN_20210404_10_58_27_Pro,10,415,1.0
691,WIN_20210404_10_58_27_Pro,10,420,1.0
692,WIN_20210404_10_58_27_Pro,10,425,1.0
693,WIN_20210404_10_58_27_Pro,11,425,1.0
694,WIN_20210404_10_58_27_Pro,11,430,1.0
695,WIN_20210404_10_58_27_Pro,11,435,1.0
696,WIN_20210404_10_58_27_Pro,11,440,1.0
697,WIN_20210404_10_58_27_Pro,11,445,1.0
698,WIN_20210404_10_58_27_Pro,11,450,1.0
699,WIN_20210404_10_58_27_Pro,11,455,1.0
700,WIN_20210404_10_58_27_Pro,11,460,1.0
701,WIN_20210404_10_58_27_Pro,11,465,1.0
702,WIN_20210404_10_58_27_Pro,11,470,1.0
703,WIN_20210404_10_58_27_Pro,11,475,1.0
704,WIN_20210404_10_58_27_Pro,11,480,1.0
705,WIN_20210404_10_58_27_Pro,11,485,1.0
706,WIN_20210404_10_58_27_Pro,11,490,1.0
707,WIN_20210404_10_58_27_Pro,11,495,1.0
708,WIN_20210404_10_58_27_Pro,11,500,1.0
709,WIN_20210404_10_58_27_Pro,11,505,1.0
710,WIN_20210404_10_58_27_Pro,11,510,1.0
711,WIN_20210404_10_58_27_Pro,11,515,1.0
712,WIN_20210404_10_58_27_Pro,11,520,1.0
713,WIN_20210404_10_58_27_Pro,17,695,1.0
714,WIN_20210404_10_58_27_Pro,17,700,1.0
715,WIN_20210404_10_58_27_Pro,17,705,1.0
716,WIN_20210404_10_58_27_Pro,17,710,1.0
717,WIN_20210404_10_58_27_Pro,17,715,1.0
718,WIN_20210404_10_58_27_Pro,17,720,1.0
719,WIN_20210404_10_58_27_Pro,17,725,1.0
720,WIN_20210404_21_41_12_Pro,8,390,0.0
721,WIN_20210404_21_41_12_Pro,8,395,0.0
722,WIN_20210404_21_41_12_Pro,8,400,0.0
723,WIN_20210404_21_41_12_Pro,8,405,0.0
724,WIN_20210404_21_41_12_Pro,8,410,0.0
725,WIN_20210404_21_41_12_Pro,8,415,0.0
726,WIN_20210404_21_41_12_Pro,8,420,0.0
727,WIN_20210404_21_41_12_Pro,8,425,0.0
728,WIN_20210404_21_41_12_Pro,8,430,0.0
729,WIN_20210404_21_41_12_Pro,8,435,0.0
730,WIN_20210404_21_41_12_Pro,8,440,0.0
731,WIN_20210404_21_41_12_Pro,9,440,1.0
732,WIN_20210404_21_41_12_Pro,9,445,1.0
733,WIN_20210404_21_41_12_Pro,9,450,1.0
734,WIN_20210404_21_41_12_Pro,9,455,1.0
735,WIN_20210404_21_41_12_Pro,9,460,1.0
736,WIN_20210404_21_41_12_Pro,9,465,1.0
737,WIN_20210404_21_41_12_Pro,9,470,1.0
738,WIN_20210404_21_41_12_Pro,9,475,1.0
739,WIN_20210404_21_41_12_Pro,9,480,1.0
740,WIN_20210404_21_41_12_Pro,9,485,1.0
741,WIN_20210404_21_41_12_Pro,9,490,1.0
742,WIN_20210404_21_41_12_Pro,9,495,1.0
743,WIN_20210404_21_41_12_Pro,9,500,1.0
744,WIN_20210404_21_41_12_Pro,9,505,1.0
745,WIN_20210404_21_41_12_Pro,9,510,1.0
746,WIN_20210404_21_41_12_Pro,9,515,1.0
747,WIN_20210404_21_41_12_Pro,9,520,1.0
748,WIN_20210404_21_41_12_Pro,9,525,1.0
749,WIN_20210404_21_41_12_Pro,9,530,1.0
750,WIN_20210404_21_41_12_Pro,9,535,1.0
751,WIN_20210404_21_41_12_Pro,9,540,1.0
752,WIN_20210404_21_41_12_Pro,10,540,0.0
753,WIN_20210404_21_41_12_Pro,10,545,0.0
754,WIN_20210404_21_41_12_Pro,10,550,0.0
755,WIN_20210404_21_41_12_Pro,10,555,0.0
756,WIN_20210404_21_41_12_Pro,10,560,0.0
757,WIN_20210404_21_41_12_Pro,10,565,0.0
758,WIN_20210404_21_41_12_Pro,10,570,0.0
759,WIN_20210404_21_41_12_Pro,10,575,0.0
760,WIN_20210404_21_41_12_Pro,10,580,0.0
761,WIN_20210404_21_41_12_Pro,10,585,0.0
762,WIN_20210404_21_41_12_Pro,10,590,0.0
763,WIN_20210404_21_41_12_Pro,10,595,0.0
764,WIN_20210404_21_41_12_Pro,10,600,0.0
765,WIN_20210404_21_41_12_Pro,10,605,0.0
766,WIN_20210404_21_41_12_Pro,11,605,0.0
767,WIN_20210404_21_41_12_Pro,11,610,0.0
768,WIN_20210404_21_41_12_Pro,11,615,0.0
769,WIN_20210404_21_41_12_Pro,11,620,0.0
770,WIN_20210404_21_41_12_Pro,11,625,0.0
771,WIN_20210404_21_41_12_Pro,11,630,0.0
772,WIN_20210404_21_41_12_Pro,11,635,0.0
773,WIN_20210404_21_41_12_Pro,11,640,0.0
774,WIN_20210404_21_41_12_Pro,11,645,0.0
775,WIN_20210404_21_41_12_Pro,11,650,0.0
776,WIN_20210404_21_41_12_Pro,11,655,0.0
777,WIN_20210404_21_41_12_Pro,11,660,0.0
778,WIN_20210404_21_41_12_Pro,11,665,0.0
779,WIN_20210404_21_41_12_Pro,11,670,0.0
780,WIN_20210404_21_41_12_Pro,11,675,0.0
781,WIN_20210404_21_41_12_Pro,11,680,0.0
782,WIN_20210404_21_41_12_Pro,11,685,0.0
783,WIN_20210404_21_41_12_Pro,11,690,0.0
784,WIN_20210404_21_41_12_Pro,11,695,0.0
785,WIN_20210404_21_41_12_Pro,11,700,0.0
786,WIN_20210404_21_41_12_Pro,17,905,0.0
787,WIN_20210404_21_41_12_Pro,17,910,0.0
788,WIN_20210404_21_41_12_Pro,17,915,0.0
789,WIN_20210404_21_41_12_Pro,17,920,0.0
790,WIN_20210404_21_41_12_Pro,17,925,0.0
791,WIN_20210404_21_41_12_Pro,17,930,0.0
792,WIN_20210404_21_41_12_Pro,17,935,0.0
793,WIN_20210405_15_09_16_Pro,8,140,1.0
794,WIN_20210405_15_09_16_Pro,8,145,1.0
795,WIN_20210405_15_09_16_Pro,8,150,1.0
796,WIN_20210405_15_09_16_Pro,8,155,1.0
797,WIN_20210405_15_09_16_Pro,8,160,1.0
798,WIN_20210405_15_09_16_Pro,8,165,1.0
799,WIN_20210405_15_09_16_Pro,8,170,1.0
800,WIN_20210405_15_09_16_Pro,8,175,1.0
801,WIN_20210405_15_09_16_Pro,8,180,1.0
802,WIN_20210405_15_09_16_Pro,8,185,1.0
803,WIN_20210405_15_09_16_Pro,8,190,1.0
804,WIN_20210405_15_09_16_Pro,9,190,1.0
805,WIN_20210405_15_09_16_Pro,9,195,1.0
806,WIN_20210405_15_09_16_Pro,9,200,1.0
807,WIN_20210405_15_09_16_Pro,9,205,1.0
808,WIN_20210405_15_09_16_Pro,9,210,1.0
809,WIN_20210405_15_09_16_Pro,9,215,1.0
810,WIN_20210405_15_09_16_Pro,9,220,1.0
811,WIN_20210405_15_09_16_Pro,9,225,1.0
812,WIN_20210405_15_09_16_Pro,9,230,1.0
813,WIN_20210405_15_09_16_Pro,9,235,1.0
814,WIN_20210405_15_09_16_Pro,9,240,1.0
815,WIN_20210405_15_09_16_Pro,9,245,1.0
816,WIN_20210405_15_09_16_Pro,9,250,1.0
817,WIN_20210405_15_09_16_Pro,9,255,1.0
818,WIN_20210405_15_09_16_Pro,9,260,1.0
819,WIN_20210405_15_09_16_Pro,9,265,1.0
820,WIN_20210405_15_09_16_Pro,9,270,1.0
821,WIN_20210405_15_09_16_Pro,9,275,1.0
822,WIN_20210405_15_09_16_Pro,9,280,1.0
823,WIN_20210405_15_09_16_Pro,9,285,1.0
824,WIN_20210405_15_09_16_Pro,9,290,1.0
825,WIN_20210405_15_09_16_Pro,10,290,1.0
826,WIN_20210405_15_09_16_Pro,10,295,1.0
827,WIN_20210405_15_09_16_Pro,10,300,1.0
828,WIN_20210405_15_09_16_Pro,10,305,1.0
829,WIN_20210405_15_09_16_Pro,10,310,1.0
830,WIN_20210405_15_09_16_Pro,10,315,1.0
831,WIN_20210405_15_09_16_Pro,10,320,1.0
832,WIN_20210405_15_09_16_Pro,10,325,1.0
833,WIN_20210405_15_09_16_Pro,10,330,1.0
834,WIN_20210405_15_09_16_Pro,10,335,1.0
835,WIN_20210405_15_09_16_Pro,10,340,1.0
836,WIN_20210405_15_09_16_Pro,10,345,1.0
837,WIN_20210405_15_09_16_Pro,10,350,1.0
838,WIN_20210405_15_09_16_Pro,10,355,1.0
839,WIN_20210405_15_09_16_Pro,11,355,1.0
840,WIN_20210405_15_09_16_Pro,11,360,1.0
841,WIN_20210405_15_09_16_Pro,11,365,1.0
842,WIN_20210405_15_09_16_Pro,11,370,1.0
843,WIN_20210405_15_09_16_Pro,11,375,1.0
844,WIN_20210405_15_09_16_Pro,11,380,1.0
845,WIN_20210405_15_09_16_Pro,11,385,1.0
846,WIN_20210405_15_09_16_Pro,11,390,1.0
847,WIN_20210405_15_09_16_Pro,11,395,1.0
848,WIN_20210405_15_09_16_Pro,11,400,1.0
849,WIN_20210405_15_09_16_Pro,11,405,1.0
850,WIN_20210405_15_09_16_Pro,11,410,1.0
851,WIN_20210405_15_09_16_Pro,11,415,1.0
852,WIN_20210405_15_09_16_Pro,11,420,1.0
853,WIN_20210405_15_09_16_Pro,11,425,1.0
854,WIN_20210405_15_09_16_Pro,11,430,1.0
855,WIN_20210405_15_09_16_Pro,11,435,1.0
856,WIN_20210405_15_09_16_Pro,11,440,1.0
857,WIN_20210405_15_09_16_Pro,11,445,1.0
858,WIN_20210405_15_09_16_Pro,11,450,1.0
859,WIN_20210405_15_09_16_Pro,17,595,0.0
860,WIN_20210405_15_09_16_Pro,17,600,0.0
861,WIN_20210405_15_09_16_Pro,17,605,0.0
862,WIN_20210405_15_09_16_Pro,17,610,0.0
863,WIN_20210405_15_09_16_Pro,17,615,0.0
864,WIN_20210405_15_09_16_Pro,17,620,0.0
865,WIN_20210405_15_09_16_Pro,17,625,0.0
866,WIN_20210406_15_06_15_Pro,8,230,1.0
867,WIN_20210406_15_06_15_Pro,8,235,1.0
868,WIN_20210406_15_06_15_Pro,8,240,1.0
869,WIN_20210406_15_06_15_Pro,8,245,1.0
870,WIN_20210406_15_06_15_Pro,8,250,1.0
871,WIN_20210406_15_06_15_Pro,8,255,1.0
872,WIN_20210406_15_06_15_Pro,8,260,1.0
873,WIN_20210406_15_06_15_Pro,8,265,1.0
874,WIN_20210406_15_06_15_Pro,8,270,1.0
875,WIN_20210406_15_06_15_Pro,8,275,1.0
876,WIN_20210406_15_06_15_Pro,9,280,1.0
877,WIN_20210406_15_06_15_Pro,9,285,1.0
878,WIN_20210406_15_06_15_Pro,9,290,1.0
879,WIN_20210406_15_06_15_Pro,9,295,1.0
880,WIN_20210406_15_06_15_Pro,9,300,1.0
881,WIN_20210406_15_06_15_Pro,9,305,1.0
882,WIN_20210406_15_06_15_Pro,9,310,1.0
883,WIN_20210406_15_06_15_Pro,9,315,1.0
884,WIN_20210406_15_06_15_Pro,9,320,1.0
885,WIN_20210406_15_06_15_Pro,9,325,1.0
886,WIN_20210406_15_06_15_Pro,9,330,1.0
887,WIN_20210406_15_06_15_Pro,9,335,1.0
888,WIN_20210406_15_06_15_Pro,9,340,1.0
889,WIN_20210406_15_06_15_Pro,9,345,1.0
890,WIN_20210406_15_06_15_Pro,9,350,1.0
891,WIN_20210406_15_06_15_Pro,9,355,1.0
892,WIN_20210406_15_06_15_Pro,9,360,1.0
893,WIN_20210406_15_06_15_Pro,9,365,1.0
894,WIN_20210406_15_06_15_Pro,9,370,1.0
895,WIN_20210406_15_06_15_Pro,9,375,1.0
896,WIN_20210406_15_06_15_Pro,10,375,1.0
897,WIN_20210406_15_06_15_Pro,10,380,1.0
898,WIN_20210406_15_06_15_Pro,10,385,1.0
899,WIN_20210406_15_06_15_Pro,10,390,1.0
900,WIN_20210406_15_06_15_Pro,10,395,1.0
901,WIN_20210406_15_06_15_Pro,10,400,1.0
902,WIN_20210406_15_06_15_Pro,10,405,1.0
903,WIN_20210406_15_06_15_Pro,10,410,1.0
904,WIN_20210406_15_06_15_Pro,10,415,1.0
905,WIN_20210406_15_06_15_Pro,10,420,1.0
906,WIN_20210406_15_06_15_Pro,10,425,1.0
907,WIN_20210406_15_06_15_Pro,10,430,1.0
908,WIN_20210406_15_06_15_Pro,10,435,1.0
909,WIN_20210406_15_06_15_Pro,10,440,1.0
910,WIN_20210406_15_06_15_Pro,10,445,1.0
911,WIN_20210406_15_06_15_Pro,11,445,1.0
912,WIN_20210406_15_06_15_Pro,11,450,1.0
913,WIN_20210406_15_06_15_Pro,11,455,1.0
914,WIN_20210406_15_06_15_Pro,11,460,1.0
915,WIN_20210406_15_06_15_Pro,11,465,1.0
916,WIN_20210406_15_06_15_Pro,11,470,1.0
917,WIN_20210406_15_06_15_Pro,11,475,1.0
918,WIN_20210406_15_06_15_Pro,11,480,1.0
919,WIN_20210406_15_06_15_Pro,11,485,1.0
920,WIN_20210406_15_06_15_Pro,11,490,1.0
921,WIN_20210406_15_06_15_Pro,11,495,1.0
922,WIN_20210406_15_06_15_Pro,11,500,1.0
923,WIN_20210406_15_06_15_Pro,11,505,1.0
924,WIN_20210406_15_06_15_Pro,11,510,1.0
925,WIN_20210406_15_06_15_Pro,11,515,1.0
926,WIN_20210406_15_06_15_Pro,11,520,1.0
927,WIN_20210406_15_06_15_Pro,11,525,1.0
928,WIN_20210406_15_06_15_Pro,11,530,1.0
929,WIN_20210406_15_06_15_Pro,11,535,1.0
930,WIN_20210406_15_06_15_Pro,11,540,1.0
931,WIN_20210406_15_06_15_Pro,17,720,1.0
932,WIN_20210406_15_06_15_Pro,17,725,1.0
933,WIN_20210406_15_06_15_Pro,17,730,1.0
934,WIN_20210406_15_06_15_Pro,17,735,1.0
935,WIN_20210406_15_06_15_Pro,17,740,1.0
936,WIN_20210406_15_06_15_Pro,17,745,1.0
937,WIN_20210406_15_06_15_Pro,17,750,1.0
938,WIN_20210406_18_35_52_Pro,8,140,0.0
939,WIN_20210406_18_35_52_Pro,8,145,0.0
940,WIN_20210406_18_35_52_Pro,8,150,0.0
941,WIN_20210406_18_35_52_Pro,8,155,0.0
942,WIN_20210406_18_35_52_Pro,8,160,0.0
943,WIN_20210406_18_35_52_Pro,8,165,0.0
944,WIN_20210406_18_35_52_Pro,8,170,0.0
945,WIN_20210406_18_35_52_Pro,8,175,0.0
946,WIN_20210406_18_35_52_Pro,8,180,0.0
947,WIN_20210406_18_35_52_Pro,8,185,0.0
948,WIN_20210406_18_35_52_Pro,9,190,1.0
949,WIN_20210406_18_35_52_Pro,9,195,1.0
950,WIN_20210406_18_35_52_Pro,9,200,1.0
951,WIN_20210406_18_35_52_Pro,9,205,1.0
952,WIN_20210406_18_35_52_Pro,9,210,1.0
953,WIN_20210406_18_35_52_Pro,9,215,1.0
954,WIN_20210406_18_35_52_Pro,9,220,1.0
955,WIN_20210406_18_35_52_Pro,9,225,1.0
956,WIN_20210406_18_35_52_Pro,9,230,1.0
957,WIN_20210406_18_35_52_Pro,9,235,1.0
958,WIN_20210406_18_35_52_Pro,9,240,1.0
959,WIN_20210406_18_35_52_Pro,9,245,1.0
960,WIN_20210406_18_35_52_Pro,9,250,1.0
961,WIN_20210406_18_35_52_Pro,9,255,1.0
962,WIN_20210406_18_35_52_Pro,9,260,1.0
963,WIN_20210406_18_35_52_Pro,9,265,1.0
964,WIN_20210406_18_35_52_Pro,9,270,1.0
965,WIN_20210406_18_35_52_Pro,9,275,1.0
966,WIN_20210406_18_35_52_Pro,9,280,1.0
967,WIN_20210406_18_35_52_Pro,9,285,1.0
968,WIN_20210406_18_35_52_Pro,10,285,0.0
969,WIN_20210406_18_35_52_Pro,10,290,0.0
970,WIN_20210406_18_35_52_Pro,10,295,0.0
971,WIN_20210406_18_35_52_Pro,10,300,0.0
972,WIN_20210406_18_35_52_Pro,10,305,0.0
973,WIN_20210406_18_35_52_Pro,10,310,0.0
974,WIN_20210406_18_35_52_Pro,10,315,0.0
975,WIN_20210406_18_35_52_Pro,10,320,0.0
976,WIN_20210406_18_35_52_Pro,10,325,0.0
977,WIN_20210406_18_35_52_Pro,10,330,0.0
978,WIN_20210406_18_35_52_Pro,10,335,0.0
979,WIN_20210406_18_35_52_Pro,10,340,0.0
980,WIN_20210406_18_35_52_Pro,10,345,0.0
981,WIN_20210406_18_35_52_Pro,10,350,0.0
982,WIN_20210406_18_35_52_Pro,10,355,0.0
983,WIN_20210406_18_35_52_Pro,11,355,0.0
984,WIN_20210406_18_35_52_Pro,11,360,0.0
985,WIN_20210406_18_35_52_Pro,11,365,0.0
986,WIN_20210406_18_35_52_Pro,11,370,0.0
987,WIN_20210406_18_35_52_Pro,11,375,0.0
988,WIN_20210406_18_35_52_Pro,11,380,0.0
989,WIN_20210406_18_35_52_Pro,11,385,0.0
990,WIN_20210406_18_35_52_Pro,11,390,0.0
991,WIN_20210406_18_35_52_Pro,11,395,0.0
992,WIN_20210406_18_35_52_Pro,11,400,0.0
993,WIN_20210406_18_35_52_Pro,11,405,0.0
994,WIN_20210406_18_35_52_Pro,11,410,0.0
995,WIN_20210406_18_35_52_Pro,11,415,0.0
996,WIN_20210406_18_35_52_Pro,11,420,0.0
997,WIN_20210406_18_35_52_Pro,11,425,0.0
998,WIN_20210406_18_35_52_Pro,11,430,0.0
999,WIN_20210406_18_35_52_Pro,11,435,0.0
1000,WIN_20210406_18_35_52_Pro,11,440,0.0
1001,WIN_20210406_18_35_52_Pro,11,445,0.0
1002,WIN_20210406_18_35_52_Pro,11,450,0.0
1003,WIN_20210406_18_35_52_Pro,17,585,0.0
1004,WIN_20210406_18_35_52_Pro,17,590,0.0
1005,WIN_20210406_18_35_52_Pro,17,595,0.0
1006,WIN_20210406_18_35_52_Pro,17,600,0.0
1007,WIN_20210406_18_35_52_Pro,17,605,0.0
1008,WIN_20210406_18_35_52_Pro,17,610,0.0
1009,WIN_20210406_18_35_52_Pro,17,615,0.0
1010,WIN_20210406_18_49_10_Pro,8,110,0.0
1011,WIN_20210406_18_49_10_Pro,8,115,0.0
1012,WIN_20210406_18_49_10_Pro,8,120,0.0
1013,WIN_20210406_18_49_10_Pro,8,125,0.0
1014,WIN_20210406_18_49_10_Pro,8,130,0.0
1015,WIN_20210406_18_49_10_Pro,8,135,0.0
1016,WIN_20210406_18_49_10_Pro,8,140,0.0
1017,WIN_20210406_18_49_10_Pro,8,145,0.0
1018,WIN_20210406_18_49_10_Pro,8,150,0.0
1019,WIN_20210406_18_49_10_Pro,8,155,0.0
1020,WIN_20210406_18_49_10_Pro,8,160,0.0
1021,WIN_20210406_18_49_10_Pro,9,160,1.0
1022,WIN_20210406_18_49_10_Pro,9,165,1.0
1023,WIN_20210406_18_49_10_Pro,9,170,1.0
1024,WIN_20210406_18_49_10_Pro,9,175,1.0
1025,WIN_20210406_18_49_10_Pro,9,180,1.0
1026,WIN_20210406_18_49_10_Pro,9,185,1.0
1027,WIN_20210406_18_49_10_Pro,9,190,1.0
1028,WIN_20210406_18_49_10_Pro,9,195,1.0
1029,WIN_20210406_18_49_10_Pro,9,200,1.0
1030,WIN_20210406_18_49_10_Pro,9,205,1.0
1031,WIN_20210406_18_49_10_Pro,9,210,1.0
1032,WIN_20210406_18_49_10_Pro,9,215,1.0
1033,WIN_20210406_18_49_10_Pro,9,220,1.0
1034,WIN_20210406_18_49_10_Pro,9,225,1.0
1035,WIN_20210406_18_49_10_Pro,9,230,1.0
1036,WIN_20210406_18_49_10_Pro,9,235,1.0
1037,WIN_20210406_18_49_10_Pro,9,240,1.0
1038,WIN_20210406_18_49_10_Pro,9,245,1.0
1039,WIN_20210406_18_49_10_Pro,9,250,1.0
1040,WIN_20210406_18_49_10_Pro,9,255,1.0
1041,WIN_20210406_18_49_10_Pro,9,260,1.0
1042,WIN_20210406_18_49_10_Pro,10,260,1.0
1043,WIN_20210406_18_49_10_Pro,10,265,1.0
1044,WIN_20210406_18_49_10_Pro,10,270,1.0
1045,WIN_20210406_18_49_10_Pro,10,275,1.0
1046,WIN_20210406_18_49_10_Pro,10,280,1.0
1047,WIN_20210406_18_49_10_Pro,10,285,1.0
1048,WIN_20210406_18_49_10_Pro,10,290,1.0
1049,WIN_20210406_18_49_10_Pro,10,295,1.0
1050,WIN_20210406_18_49_10_Pro,10,300,1.0
1051,WIN_20210406_18_49_10_Pro,10,305,1.0
1052,WIN_20210406_18_49_10_Pro,10,310,1.0
1053,WIN_20210406_18_49_10_Pro,10,315,1.0
1054,WIN_20210406_18_49_10_Pro,10,320,1.0
1055,WIN_20210406_18_49_10_Pro,10,325,1.0
1056,WIN_20210406_18_49_10_Pro,11,325,1.0
1057,WIN_20210406_18_49_10_Pro,11,330,1.0
1058,WIN_20210406_18_49_10_Pro,11,335,1.0
1059,WIN_20210406_18_49_10_Pro,11,340,1.0
1060,WIN_20210406_18_49_10_Pro,11,345,1.0
1061,WIN_20210406_18_49_10_Pro,11,350,1.0
1062,WIN_20210406_18_49_10_Pro,11,355,1.0
1063,WIN_20210406_18_49_10_Pro,11,360,1.0
1064,WIN_20210406_18_49_10_Pro,11,365,1.0
1065,WIN_20210406_18_49_10_Pro,11,370,1.0
1066,WIN_20210406_18_49_10_Pro,11,375,1.0
1067,WIN_20210406_18_49_10_Pro,11,380,1.0
1068,WIN_20210406_18_49_10_Pro,11,385,1.0
1069,WIN_20210406_18_49_10_Pro,11,390,1.0
1070,WIN_20210406_18_49_10_Pro,11,395,1.0
1071,WIN_20210406_18_49_10_Pro,11,400,1.0
1072,WIN_20210406_18_49_10_Pro,11,405,1.0
1073,WIN_20210406_18_49_10_Pro,11,410,1.0
1074,WIN_20210406_18_49_10_Pro,11,415,1.0
1075,WIN_20210406_18_49_10_Pro,11,420,1.0
1076,WIN_20210406_18_49_10_Pro,17,580,1.0
1077,WIN_20210406_18_49_10_Pro,17,585,1.0
1078,WIN_20210406_18_49_10_Pro,17,590,1.0
1079,WIN_20210406_18_49_10_Pro,17,595,1.0
1080,WIN_20210406_18_49_10_Pro,17,600,1.0
1081,WIN_20210406_18_49_10_Pro,17,605,1.0
1082,WIN_20210406_21_05_52_Pro,8,190,2.0
1083,WIN_20210406_21_05_52_Pro,8,195,2.0
1084,WIN_20210406_21_05_52_Pro,8,200,2.0
1085,WIN_20210406_21_05_52_Pro,8,205,2.0
1086,WIN_20210406_21_05_52_Pro,8,210,2.0
1087,WIN_20210406_21_05_52_Pro,8,215,2.0
1088,WIN_20210406_21_05_52_Pro,8,220,2.0
1089,WIN_20210406_21_05_52_Pro,8,225,2.0
1090,WIN_20210406_21_05_52_Pro,8,230,2.0
1091,WIN_20210406_21_05_52_Pro,8,235,2.0
1092,WIN_20210406_21_05_52_Pro,9,240,2.0
1093,WIN_20210406_21_05_52_Pro,9,245,2.0
1094,WIN_20210406_21_05_52_Pro,9,250,2.0
1095,WIN_20210406_21_05_52_Pro,9,255,2.0
1096,WIN_20210406_21_05_52_Pro,9,260,2.0
1097,WIN_20210406_21_05_52_Pro,9,265,2.0
1098,WIN_20210406_21_05_52_Pro,9,270,2.0
1099,WIN_20210406_21_05_52_Pro,9,275,2.0
1100,WIN_20210406_21_05_52_Pro,9,280,2.0
1101,WIN_20210406_21_05_52_Pro,9,285,2.0
1102,WIN_20210406_21_05_52_Pro,9,290,2.0
1103,WIN_20210406_21_05_52_Pro,9,295,2.0
1104,WIN_20210406_21_05_52_Pro,9,300,2.0
1105,WIN_20210406_21_05_52_Pro,9,305,2.0
1106,WIN_20210406_21_05_52_Pro,9,310,2.0
1107,WIN_20210406_21_05_52_Pro,9,315,2.0
1108,WIN_20210406_21_05_52_Pro,9,320,2.0
1109,WIN_20210406_21_05_52_Pro,9,325,2.0
1110,WIN_20210406_21_05_52_Pro,9,330,2.0
1111,WIN_20210406_21_05_52_Pro,9,335,2.0
1112,WIN_20210406_21_05_52_Pro,10,335,1.0
1113,WIN_20210406_21_05_52_Pro,10,340,1.0
1114,WIN_20210406_21_05_52_Pro,10,345,1.0
1115,WIN_20210406_21_05_52_Pro,10,350,1.0
1116,WIN_20210406_21_05_52_Pro,10,355,1.0
1117,WIN_20210406_21_05_52_Pro,10,360,1.0
1118,WIN_20210406_21_05_52_Pro,10,365,1.0
1119,WIN_20210406_21_05_52_Pro,10,370,1.0
1120,WIN_20210406_21_05_52_Pro,10,375,1.0
1121,WIN_20210406_21_05_52_Pro,10,380,1.0
1122,WIN_20210406_21_05_52_Pro,10,385,1.0
1123,WIN_20210406_21_05_52_Pro,10,390,1.0
1124,WIN_20210406_21_05_52_Pro,10,395,1.0
1125,WIN_20210406_21_05_52_Pro,10,400,1.0
1126,WIN_20210406_21_05_52_Pro,10,405,1.0
1127,WIN_20210406_21_05_52_Pro,11,405,2.0
1128,WIN_20210406_21_05_52_Pro,11,410,2.0
1129,WIN_20210406_21_05_52_Pro,11,415,2.0
1130,WIN_20210406_21_05_52_Pro,11,420,2.0
1131,WIN_20210406_21_05_52_Pro,11,425,2.0
1132,WIN_20210406_21_05_52_Pro,11,430,2.0
1133,WIN_20210406_21_05_52_Pro,11,435,2.0
1134,WIN_20210406_21_05_52_Pro,11,440,2.0
1135,WIN_20210406_21_05_52_Pro,11,445,2.0
1136,WIN_20210406_21_05_52_Pro,11,450,2.0
1137,WIN_20210406_21_05_52_Pro,11,455,2.0
1138,WIN_20210406_21_05_52_Pro,11,460,2.0
1139,WIN_20210406_21_05_52_Pro,11,465,2.0
1140,WIN_20210406_21_05_52_Pro,11,470,2.0
1141,WIN_20210406_21_05_52_Pro,11,475,2.0
1142,WIN_20210406_21_05_52_Pro,11,480,2.0
1143,WIN_20210406_21_05_52_Pro,11,485,2.0
1144,WIN_20210406_21_05_52_Pro,11,490,2.0
1145,WIN_20210406_21_05_52_Pro,11,495,2.0
1146,WIN_20210406_21_05_52_Pro,11,500,2.0
1147,WIN_20210406_21_05_52_Pro,17,650,1.0
1148,WIN_20210406_21_05_52_Pro,17,655,1.0
1149,WIN_20210406_21_05_52_Pro,17,660,1.0
1150,WIN_20210406_21_05_52_Pro,17,665,1.0
1151,WIN_20210406_21_05_52_Pro,17,670,1.0
1152,WIN_20210406_21_05_52_Pro,17,675,1.0
1153,WIN_20210407_09_04_05_Pro,8,195,0.0
1154,WIN_20210407_09_04_05_Pro,8,200,0.0
1155,WIN_20210407_09_04_05_Pro,8,205,0.0
1156,WIN_20210407_09_04_05_Pro,8,210,0.0
1157,WIN_20210407_09_04_05_Pro,8,215,0.0
1158,WIN_20210407_09_04_05_Pro,8,220,0.0
1159,WIN_20210407_09_04_05_Pro,8,225,0.0
1160,WIN_20210407_09_04_05_Pro,8,230,0.0
1161,WIN_20210407_09_04_05_Pro,8,235,0.0
1162,WIN_20210407_09_04_05_Pro,8,240,0.0
1163,WIN_20210407_09_04_05_Pro,8,245,0.0
1164,WIN_20210407_09_04_05_Pro,9,245,2.0
1165,WIN_20210407_09_04_05_Pro,9,250,2.0
1166,WIN_20210407_09_04_05_Pro,9,255,2.0
1167,WIN_20210407_09_04_05_Pro,9,260,2.0
1168,WIN_20210407_09_04_05_Pro,9,265,2.0
1169,WIN_20210407_09_04_05_Pro,9,270,2.0
1170,WIN_20210407_09_04_05_Pro,9,275,2.0
1171,WIN_20210407_09_04_05_Pro,9,280,2.0
1172,WIN_20210407_09_04_05_Pro,9,285,2.0
1173,WIN_20210407_09_04_05_Pro,9,290,2.0
1174,WIN_20210407_09_04_05_Pro,9,295,2.0
1175,WIN_20210407_09_04_05_Pro,9,300,2.0
1176,WIN_20210407_09_04_05_Pro,9,305,2.0
1177,WIN_20210407_09_04_05_Pro,9,310,2.0
1178,WIN_20210407_09_04_05_Pro,9,315,2.0
1179,WIN_20210407_09_04_05_Pro,9,320,2.0
1180,WIN_20210407_09_04_05_Pro,9,325,2.0
1181,WIN_20210407_09_04_05_Pro,9,330,2.0
1182,WIN_20210407_09_04_05_Pro,9,335,2.0
1183,WIN_20210407_09_04_05_Pro,9,340,2.0
1184,WIN_20210407_09_04_05_Pro,9,345,2.0
1185,WIN_20210407_09_04_05_Pro,10,345,1.0
1186,WIN_20210407_09_04_05_Pro,10,350,1.0
1187,WIN_20210407_09_04_05_Pro,10,355,1.0
1188,WIN_20210407_09_04_05_Pro,10,360,1.0
1189,WIN_20210407_09_04_05_Pro,10,365,1.0
1190,WIN_20210407_09_04_05_Pro,10,370,1.0
1191,WIN_20210407_09_04_05_Pro,10,375,1.0
1192,WIN_20210407_09_04_05_Pro,10,380,1.0
1193,WIN_20210407_09_04_05_Pro,10,385,1.0
1194,WIN_20210407_09_04_05_Pro,10,390,1.0
1195,WIN_20210407_09_04_05_Pro,10,395,1.0
1196,WIN_20210407_09_04_05_Pro,10,400,1.0
1197,WIN_20210407_09_04_05_Pro,10,405,1.0
1198,WIN_20210407_09_04_05_Pro,10,410,1.0
1199,WIN_20210407_09_04_05_Pro,11,410,3.0
1200,WIN_20210407_09_04_05_Pro,11,415,3.0
1201,WIN_20210407_09_04_05_Pro,11,420,3.0
1202,WIN_20210407_09_04_05_Pro,11,425,3.0
1203,WIN_20210407_09_04_05_Pro,11,430,3.0
1204,WIN_20210407_09_04_05_Pro,11,435,3.0
1205,WIN_20210407_09_04_05_Pro,11,440,3.0
1206,WIN_20210407_09_04_05_Pro,11,445,3.0
1207,WIN_20210407_09_04_05_Pro,11,450,3.0
1208,WIN_20210407_09_04_05_Pro,11,455,3.0
1209,WIN_20210407_09_04_05_Pro,11,460,3.0
1210,WIN_20210407_09_04_05_Pro,11,465,3.0
1211,WIN_20210407_09_04_05_Pro,11,470,3.0
1212,WIN_20210407_09_04_05_Pro,11,475,3.0
1213,WIN_20210407_09_04_05_Pro,11,480,3.0
1214,WIN_20210407_09_04_05_Pro,11,485,3.0
1215,WIN_20210407_09_04_05_Pro,11,490,3.0
1216,WIN_20210407_09_04_05_Pro,11,495,3.0
1217,WIN_20210407_09_04_05_Pro,11,500,3.0
1218,WIN_20210407_09_04_05_Pro,11,505,3.0
1219,WIN_20210407_09_04_05_Pro,17,675,0.0
1220,WIN_20210407_09_04_05_Pro,17,680,0.0
1221,WIN_20210407_09_04_05_Pro,17,685,0.0
1222,WIN_20210407_09_04_05_Pro,17,690,0.0
1223,WIN_20210407_09_04_05_Pro,17,695,0.0
1224,WIN_20210407_09_04_05_Pro,17,700,0.0
1225,WIN_20210407_09_04_05_Pro,17,705,0.0
1226,WIN_20210407_14_54_56_Pro_edit2,8,120,0.0
1227,WIN_20210407_14_54_56_Pro_edit2,8,125,0.0
1228,WIN_20210407_14_54_56_Pro_edit2,8,130,0.0
1229,WIN_20210407_14_54_56_Pro_edit2,8,135,0.0
1230,WIN_20210407_14_54_56_Pro_edit2,8,140,0.0
1231,WIN_20210407_14_54_56_Pro_edit2,8,145,0.0
1232,WIN_20210407_14_54_56_Pro_edit2,8,150,0.0
1233,WIN_20210407_14_54_56_Pro_edit2,8,155,0.0
1234,WIN_20210407_14_54_56_Pro_edit2,8,160,0.0
1235,WIN_20210407_14_54_56_Pro_edit2,8,165,0.0
1236,WIN_20210407_14_54_56_Pro_edit2,8,170,0.0
1237,WIN_20210407_14_54_56_Pro_edit2,9,170,0.0
1238,WIN_20210407_14_54_56_Pro_edit2,9,175,0.0
1239,WIN_20210407_14_54_56_Pro_edit2,9,180,0.0
1240,WIN_20210407_14_54_56_Pro_edit2,9,185,0.0
1241,WIN_20210407_14_54_56_Pro_edit2,9,190,0.0
1242,WIN_20210407_14_54_56_Pro_edit2,9,195,0.0
1243,WIN_20210407_14_54_56_Pro_edit2,9,200,0.0
1244,WIN_20210407_14_54_56_Pro_edit2,9,205,0.0
1245,WIN_20210407_14_54_56_Pro_edit2,9,210,0.0
1246,WIN_20210407_14_54_56_Pro_edit2,9,215,0.0
1247,WIN_20210407_14_54_56_Pro_edit2,9,220,0.0
1248,WIN_20210407_14_54_56_Pro_edit2,9,225,0.0
1249,WIN_20210407_14_54_56_Pro_edit2,9,230,0.0
1250,WIN_20210407_14_54_56_Pro_edit2,9,235,0.0
1251,WIN_20210407_14_54_56_Pro_edit2,9,240,0.0
1252,WIN_20210407_14_54_56_Pro_edit2,9,245,0.0
1253,WIN_20210407_14_54_56_Pro_edit2,9,250,0.0
1254,WIN_20210407_14_54_56_Pro_edit2,9,255,0.0
1255,WIN_20210407_14_54_56_Pro_edit2,9,260,0.0
1256,WIN_20210407_14_54_56_Pro_edit2,9,265,0.0
1257,WIN_20210407_14_54_56_Pro_edit2,9,270,0.0
1258,WIN_20210407_14_54_56_Pro_edit2,10,270,0.0
1259,WIN_20210407_14_54_56_Pro_edit2,10,275,0.0
1260,WIN_20210407_14_54_56_Pro_edit2,10,280,0.0
1261,WIN_20210407_14_54_56_Pro_edit2,10,285,0.0
1262,WIN_20210407_14_54_56_Pro_edit2,10,290,0.0
1263,WIN_20210407_14_54_56_Pro_edit2,10,295,0.0
1264,WIN_20210407_14_54_56_Pro_edit2,10,300,0.0
1265,WIN_20210407_14_54_56_Pro_edit2,10,305,0.0
1266,WIN_20210407_14_54_56_Pro_edit2,10,310,0.0
1267,WIN_20210407_14_54_56_Pro_edit2,10,315,0.0
1268,WIN_20210407_14_54_56_Pro_edit2,10,320,0.0
1269,WIN_20210407_14_54_56_Pro_edit2,10,325,0.0
1270,WIN_20210407_14_54_56_Pro_edit2,10,330,0.0
1271,WIN_20210407_14_54_56_Pro_edit2,10,335,0.0
1272,WIN_20210407_14_54_56_Pro_edit2,11,335,0.0
1273,WIN_20210407_14_54_56_Pro_edit2,11,340,0.0
1274,WIN_20210407_14_54_56_Pro_edit2,11,345,0.0
1275,WIN_20210407_14_54_56_Pro_edit2,11,350,0.0
1276,WIN_20210407_14_54_56_Pro_edit2,11,355,0.0
1277,WIN_20210407_14_54_56_Pro_edit2,11,360,0.0
1278,WIN_20210407_14_54_56_Pro_edit2,11,365,0.0
1279,WIN_20210407_14_54_56_Pro_edit2,11,370,0.0
1280,WIN_20210407_14_54_56_Pro_edit2,11,375,0.0
1281,WIN_20210407_14_54_56_Pro_edit2,11,380,0.0
1282,WIN_20210407_14_54_56_Pro_edit2,11,385,0.0
1283,WIN_20210407_14_54_56_Pro_edit2,11,390,0.0
1284,WIN_20210407_14_54_56_Pro_edit2,11,395,0.0
1285,WIN_20210407_14_54_56_Pro_edit2,11,400,0.0
1286,WIN_20210407_14_54_56_Pro_edit2,11,405,0.0
1287,WIN_20210407_14_54_56_Pro_edit2,11,410,0.0
1288,WIN_20210407_14_54_56_Pro_edit2,11,415,0.0
1289,WIN_20210407_14_54_56_Pro_edit2,11,420,0.0
1290,WIN_20210407_14_54_56_Pro_edit2,11,425,0.0
1291,WIN_20210407_14_54_56_Pro_edit2,11,430,0.0
1292,WIN_20210407_14_54_56_Pro_edit2,17,610,0.0
1293,WIN_20210407_14_54_56_Pro_edit2,17,615,0.0
1294,WIN_20210407_14_54_56_Pro_edit2,17,620,0.0
1295,WIN_20210407_14_54_56_Pro_edit2,17,625,0.0
1296,WIN_20210407_14_54_56_Pro_edit2,17,630,0.0
1297,WIN_20210407_14_54_56_Pro_edit2,17,635,0.0
1298,WIN_20210408_11_48_58_Pro,8,290,1.0
1299,WIN_20210408_11_48_58_Pro,8,295,1.0
1300,WIN_20210408_11_48_58_Pro,8,300,1.0
1301,WIN_20210408_11_48_58_Pro,8,305,1.0
1302,WIN_20210408_11_48_58_Pro,8,310,1.0
1303,WIN_20210408_11_48_58_Pro,8,315,1.0
1304,WIN_20210408_11_48_58_Pro,8,320,1.0
1305,WIN_20210408_11_48_58_Pro,8,325,1.0
1306,WIN_20210408_11_48_58_Pro,8,330,1.0
1307,WIN_20210408_11_48_58_Pro,8,335,1.0
1308,WIN_20210408_11_48_58_Pro,8,340,1.0
1309,WIN_20210408_11_48_58_Pro,9,340,1.0
1310,WIN_20210408_11_48_58_Pro,9,345,1.0
1311,WIN_20210408_11_48_58_Pro,9,350,1.0
1312,WIN_20210408_11_48_58_Pro,9,355,1.0
1313,WIN_20210408_11_48_58_Pro,9,360,1.0
1314,WIN_20210408_11_48_58_Pro,9,365,1.0
1315,WIN_20210408_11_48_58_Pro,9,370,1.0
1316,WIN_20210408_11_48_58_Pro,9,375,1.0
1317,WIN_20210408_11_48_58_Pro,9,380,1.0
1318,WIN_20210408_11_48_58_Pro,9,385,1.0
1319,WIN_20210408_11_48_58_Pro,9,390,1.0
1320,WIN_20210408_11_48_58_Pro,9,395,1.0
1321,WIN_20210408_11_48_58_Pro,9,400,1.0
1322,WIN_20210408_11_48_58_Pro,9,405,1.0
1323,WIN_20210408_11_48_58_Pro,9,410,1.0
1324,WIN_20210408_11_48_58_Pro,9,415,1.0
1325,WIN_20210408_11_48_58_Pro,9,420,1.0
1326,WIN_20210408_11_48_58_Pro,9,425,1.0
1327,WIN_20210408_11_48_58_Pro,9,430,1.0
1328,WIN_20210408_11_48_58_Pro,9,435,1.0
1329,WIN_20210408_11_48_58_Pro,9,440,1.0
1330,WIN_20210408_11_48_58_Pro,10,440,1.0
1331,WIN_20210408_11_48_58_Pro,10,445,1.0
1332,WIN_20210408_11_48_58_Pro,10,450,1.0
1333,WIN_20210408_11_48_58_Pro,10,455,1.0
1334,WIN_20210408_11_48_58_Pro,10,460,1.0
1335,WIN_20210408_11_48_58_Pro,10,465,1.0
1336,WIN_20210408_11_48_58_Pro,10,470,1.0
1337,WIN_20210408_11_48_58_Pro,10,475,1.0
1338,WIN_20210408_11_48_58_Pro,10,480,1.0
1339,WIN_20210408_11_48_58_Pro,10,485,1.0
1340,WIN_20210408_11_48_58_Pro,10,490,1.0
1341,WIN_20210408_11_48_58_Pro,10,495,1.0
1342,WIN_20210408_11_48_58_Pro,10,500,1.0
1343,WIN_20210408_11_48_58_Pro,10,505,1.0
1344,WIN_20210408_11_48_58_Pro,11,505,1.0
1345,WIN_20210408_11_48_58_Pro,11,510,1.0
1346,WIN_20210408_11_48_58_Pro,11,515,1.0
1347,WIN_20210408_11_48_58_Pro,11,520,1.0
1348,WIN_20210408_11_48_58_Pro,11,525,1.0
1349,WIN_20210408_11_48_58_Pro,11,530,1.0
1350,WIN_20210408_11_48_58_Pro,11,535,1.0
1351,WIN_20210408_11_48_58_Pro,11,540,1.0
1352,WIN_20210408_11_48_58_Pro,11,545,1.0
1353,WIN_20210408_11_48_58_Pro,11,550,1.0
1354,WIN_20210408_11_48_58_Pro,11,555,1.0
1355,WIN_20210408_11_48_58_Pro,11,560,1.0
1356,WIN_20210408_11_48_58_Pro,11,565,1.0
1357,WIN_20210408_11_48_58_Pro,11,570,1.0
1358,WIN_20210408_11_48_58_Pro,11,575,1.0
1359,WIN_20210408_11_48_58_Pro,11,580,1.0
1360,WIN_20210408_11_48_58_Pro,11,585,1.0
1361,WIN_20210408_11_48_58_Pro,11,590,1.0
1362,WIN_20210408_11_48_58_Pro,11,595,1.0
1363,WIN_20210408_11_48_58_Pro,11,600,1.0
1364,WIN_20210408_11_48_58_Pro,17,765,1.0
1365,WIN_20210408_11_48_58_Pro,17,770,1.0
1366,WIN_20210408_11_48_58_Pro,17,775,1.0
1367,WIN_20210408_11_48_58_Pro,17,780,1.0
1368,WIN_20210408_11_48_58_Pro,17,785,1.0
1369,WIN_20210408_11_48_58_Pro,17,790,1.0
1370,WIN_20210408_14_00_44_Pro,8,155,0.0
1371,WIN_20210408_14_00_44_Pro,8,160,0.0
1372,WIN_20210408_14_00_44_Pro,8,165,0.0
1373,WIN_20210408_14_00_44_Pro,8,170,0.0
1374,WIN_20210408_14_00_44_Pro,8,175,0.0
1375,WIN_20210408_14_00_44_Pro,8,180,0.0
1376,WIN_20210408_14_00_44_Pro,8,185,0.0
1377,WIN_20210408_14_00_44_Pro,8,190,0.0
1378,WIN_20210408_14_00_44_Pro,8,195,0.0
1379,WIN_20210408_14_00_44_Pro,8,200,0.0
1380,WIN_20210408_14_00_44_Pro,9,205,0.0
1381,WIN_20210408_14_00_44_Pro,9,210,0.0
1382,WIN_20210408_14_00_44_Pro,9,215,0.0
1383,WIN_20210408_14_00_44_Pro,9,220,0.0
1384,WIN_20210408_14_00_44_Pro,9,225,0.0
1385,WIN_20210408_14_00_44_Pro,9,230,0.0
1386,WIN_20210408_14_00_44_Pro,9,235,0.0
1387,WIN_20210408_14_00_44_Pro,9,240,0.0
1388,WIN_20210408_14_00_44_Pro,9,245,0.0
1389,WIN_20210408_14_00_44_Pro,9,250,0.0
1390,WIN_20210408_14_00_44_Pro,9,255,0.0
1391,WIN_20210408_14_00_44_Pro,9,260,0.0
1392,WIN_20210408_14_00_44_Pro,9,265,0.0
1393,WIN_20210408_14_00_44_Pro,9,270,0.0
1394,WIN_20210408_14_00_44_Pro,9,275,0.0
1395,WIN_20210408_14_00_44_Pro,9,280,0.0
1396,WIN_20210408_14_00_44_Pro,9,285,0.0
1397,WIN_20210408_14_00_44_Pro,9,290,0.0
1398,WIN_20210408_14_00_44_Pro,9,295,0.0
1399,WIN_20210408_14_00_44_Pro,9,300,0.0
1400,WIN_20210408_14_00_44_Pro,10,300,0.0
1401,WIN_20210408_14_00_44_Pro,10,305,0.0
1402,WIN_20210408_14_00_44_Pro,10,310,0.0
1403,WIN_20210408_14_00_44_Pro,10,315,0.0
1404,WIN_20210408_14_00_44_Pro,10,320,0.0
1405,WIN_20210408_14_00_44_Pro,10,325,0.0
1406,WIN_20210408_14_00_44_Pro,10,330,0.0
1407,WIN_20210408_14_00_44_Pro,10,335,0.0
1408,WIN_20210408_14_00_44_Pro,10,340,0.0
1409,WIN_20210408_14_00_44_Pro,10,345,0.0
1410,WIN_20210408_14_00_44_Pro,10,350,0.0
1411,WIN_20210408_14_00_44_Pro,10,355,0.0
1412,WIN_20210408_14_00_44_Pro,10,360,0.0
1413,WIN_20210408_14_00_44_Pro,10,365,0.0
1414,WIN_20210408_14_00_44_Pro,10,370,0.0
1415,WIN_20210408_14_00_44_Pro,11,370,0.0
1416,WIN_20210408_14_00_44_Pro,11,375,0.0
1417,WIN_20210408_14_00_44_Pro,11,380,0.0
1418,WIN_20210408_14_00_44_Pro,11,385,0.0
1419,WIN_20210408_14_00_44_Pro,11,390,0.0
1420,WIN_20210408_14_00_44_Pro,11,395,0.0
1421,WIN_20210408_14_00_44_Pro,11,400,0.0
1422,WIN_20210408_14_00_44_Pro,11,405,0.0
1423,WIN_20210408_14_00_44_Pro,11,410,0.0
1424,WIN_20210408_14_00_44_Pro,11,415,0.0
1425,WIN_20210408_14_00_44_Pro,11,420,0.0
1426,WIN_20210408_14_00_44_Pro,11,425,0.0
1427,WIN_20210408_14_00_44_Pro,11,430,0.0
1428,WIN_20210408_14_00_44_Pro,11,435,0.0
1429,WIN_20210408_14_00_44_Pro,11,440,0.0
1430,WIN_20210408_14_00_44_Pro,11,445,0.0
1431,WIN_20210408_14_00_44_Pro,11,450,0.0
1432,WIN_20210408_14_00_44_Pro,11,455,0.0
1433,WIN_20210408_14_00_44_Pro,11,460,0.0
1434,WIN_20210408_14_00_44_Pro,11,465,0.0
1435,WIN_20210408_14_00_44_Pro,17,630,0.0
1436,WIN_20210408_14_00_44_Pro,17,635,0.0
1437,WIN_20210408_14_00_44_Pro,17,640,0.0
1438,WIN_20210408_14_00_44_Pro,17,645,0.0
1439,WIN_20210408_14_00_44_Pro,17,650,0.0
1440,WIN_20210408_14_00_44_Pro,17,655,0.0
1441,WIN_20210408_14_02_19_Pro,8,120,1.0
1442,WIN_20210408_14_02_19_Pro,8,125,1.0
1443,WIN_20210408_14_02_19_Pro,8,130,1.0
1444,WIN_20210408_14_02_19_Pro,8,135,1.0
1445,WIN_20210408_14_02_19_Pro,8,140,1.0
1446,WIN_20210408_14_02_19_Pro,8,145,1.0
1447,WIN_20210408_14_02_19_Pro,8,150,1.0
1448,WIN_20210408_14_02_19_Pro,8,155,1.0
1449,WIN_20210408_14_02_19_Pro,8,160,1.0
1450,WIN_20210408_14_02_19_Pro,8,165,1.0
1451,WIN_20210408_14_02_19_Pro,8,170,1.0
1452,WIN_20210408_14_02_19_Pro,9,170,0.0
1453,WIN_20210408_14_02_19_Pro,9,175,0.0
1454,WIN_20210408_14_02_19_Pro,9,180,0.0
1455,WIN_20210408_14_02_19_Pro,9,185,0.0
1456,WIN_20210408_14_02_19_Pro,9,190,0.0
1457,WIN_20210408_14_02_19_Pro,9,195,0.0
1458,WIN_20210408_14_02_19_Pro,9,200,0.0
1459,WIN_20210408_14_02_19_Pro,9,205,0.0
1460,WIN_20210408_14_02_19_Pro,9,210,0.0
1461,WIN_20210408_14_02_19_Pro,9,215,0.0
1462,WIN_20210408_14_02_19_Pro,9,220,0.0
1463,WIN_20210408_14_02_19_Pro,9,225,0.0
1464,WIN_20210408_14_02_19_Pro,9,230,0.0
1465,WIN_20210408_14_02_19_Pro,9,235,0.0
1466,WIN_20210408_14_02_19_Pro,9,240,0.0
1467,WIN_20210408_14_02_19_Pro,9,245,0.0
1468,WIN_20210408_14_02_19_Pro,9,250,0.0
1469,WIN_20210408_14_02_19_Pro,9,255,0.0
1470,WIN_20210408_14_02_19_Pro,9,260,0.0
1471,WIN_20210408_14_02_19_Pro,9,265,0.0
1472,WIN_20210408_14_02_19_Pro,9,270,0.0
1473,WIN_20210408_14_02_19_Pro,10,270,0.0
1474,WIN_20210408_14_02_19_Pro,10,275,0.0
1475,WIN_20210408_14_02_19_Pro,10,280,0.0
1476,WIN_20210408_14_02_19_Pro,10,285,0.0
1477,WIN_20210408_14_02_19_Pro,10,290,0.0
1478,WIN_20210408_14_02_19_Pro,10,295,0.0
1479,WIN_20210408_14_02_19_Pro,10,300,0.0
1480,WIN_20210408_14_02_19_Pro,10,305,0.0
1481,WIN_20210408_14_02_19_Pro,10,310,0.0
1482,WIN_20210408_14_02_19_Pro,10,315,0.0
1483,WIN_20210408_14_02_19_Pro,10,320,0.0
1484,WIN_20210408_14_02_19_Pro,10,325,0.0
1485,WIN_20210408_14_02_19_Pro,10,330,0.0
1486,WIN_20210408_14_02_19_Pro,10,335,0.0
1487,WIN_20210408_14_02_19_Pro,11,335,0.0
1488,WIN_20210408_14_02_19_Pro,11,340,0.0
1489,WIN_20210408_14_02_19_Pro,11,345,0.0
1490,WIN_20210408_14_02_19_Pro,11,350,0.0
1491,WIN_20210408_14_02_19_Pro,11,355,0.0
1492,WIN_20210408_14_02_19_Pro,11,360,0.0
1493,WIN_20210408_14_02_19_Pro,11,365,0.0
1494,WIN_20210408_14_02_19_Pro,11,370,0.0
1495,WIN_20210408_14_02_19_Pro,11,375,0.0
1496,WIN_20210408_14_02_19_Pro,11,380,0.0
1497,WIN_20210408_14_02_19_Pro,11,385,0.0
1498,WIN_20210408_14_02_19_Pro,11,390,0.0
1499,WIN_20210408_14_02_19_Pro,11,395,0.0
1500,WIN_20210408_14_02_19_Pro,11,400,0.0
1501,WIN_20210408_14_02_19_Pro,11,405,0.0
1502,WIN_20210408_14_02_19_Pro,11,410,0.0
1503,WIN_20210408_14_02_19_Pro,11,415,0.0
1504,WIN_20210408_14_02_19_Pro,11,420,0.0
1505,WIN_20210408_14_02_19_Pro,11,425,0.0
1506,WIN_20210408_14_02_19_Pro,11,430,0.0
1507,WIN_20210408_14_02_19_Pro,17,560,0.0
1508,WIN_20210408_14_02_19_Pro,17,565,0.0
1509,WIN_20210408_14_02_19_Pro,17,570,0.0
1510,WIN_20210408_14_02_19_Pro,17,575,0.0
1511,WIN_20210408_14_02_19_Pro,17,580,0.0
1512,WIN_20210408_14_02_19_Pro,17,585,0.0
1513,WIN_20210408_14_02_19_Pro,17,590,0.0
1514,WIN_20210408_14_11_32_Pro,8,105,2.0
1515,WIN_20210408_14_11_32_Pro,8,110,2.0
1516,WIN_20210408_14_11_32_Pro,8,115,2.0
1517,WIN_20210408_14_11_32_Pro,8,120,2.0
1518,WIN_20210408_14_11_32_Pro,8,125,2.0
1519,WIN_20210408_14_11_32_Pro,8,130,2.0
1520,WIN_20210408_14_11_32_Pro,8,135,2.0
1521,WIN_20210408_14_11_32_Pro,8,140,2.0
1522,WIN_20210408_14_11_32_Pro,8,145,2.0
1523,WIN_20210408_14_11_32_Pro,8,150,2.0
1524,WIN_20210408_14_11_32_Pro,8,155,2.0
1525,WIN_20210408_14_11_32_Pro,9,155,2.0
1526,WIN_20210408_14_11_32_Pro,9,160,2.0
1527,WIN_20210408_14_11_32_Pro,9,165,2.0
1528,WIN_20210408_14_11_32_Pro,9,170,2.0
1529,WIN_20210408_14_11_32_Pro,9,175,2.0
1530,WIN_20210408_14_11_32_Pro,9,180,2.0
1531,WIN_20210408_14_11_32_Pro,9,185,2.0
1532,WIN_20210408_14_11_32_Pro,9,190,2.0
1533,WIN_20210408_14_11_32_Pro,9,195,2.0
1534,WIN_20210408_14_11_32_Pro,9,200,2.0
1535,WIN_20210408_14_11_32_Pro,9,205,2.0
1536,WIN_20210408_14_11_32_Pro,9,210,2.0
1537,WIN_20210408_14_11_32_Pro,9,215,2.0
1538,WIN_20210408_14_11_32_Pro,9,220,2.0
1539,WIN_20210408_14_11_32_Pro,9,225,2.0
1540,WIN_20210408_14_11_32_Pro,9,230,2.0
1541,WIN_20210408_14_11_32_Pro,9,235,2.0
1542,WIN_20210408_14_11_32_Pro,9,240,2.0
1543,WIN_20210408_14_11_32_Pro,9,245,2.0
1544,WIN_20210408_14_11_32_Pro,9,250,2.0
1545,WIN_20210408_14_11_32_Pro,9,255,2.0
1546,WIN_20210408_14_11_32_Pro,10,255,2.0
1547,WIN_20210408_14_11_32_Pro,10,260,2.0
1548,WIN_20210408_14_11_32_Pro,10,265,2.0
1549,WIN_20210408_14_11_32_Pro,10,270,2.0
1550,WIN_20210408_14_11_32_Pro,10,275,2.0
1551,WIN_20210408_14_11_32_Pro,10,280,2.0
1552,WIN_20210408_14_11_32_Pro,10,285,2.0
1553,WIN_20210408_14_11_32_Pro,10,290,2.0
1554,WIN_20210408_14_11_32_Pro,10,295,2.0
1555,WIN_20210408_14_11_32_Pro,10,300,2.0
1556,WIN_20210408_14_11_32_Pro,10,305,2.0
1557,WIN_20210408_14_11_32_Pro,10,310,2.0
1558,WIN_20210408_14_11_32_Pro,10,315,2.0
1559,WIN_20210408_14_11_32_Pro,10,320,2.0
1560,WIN_20210408_14_11_32_Pro,11,325,2.0
1561,WIN_20210408_14_11_32_Pro,11,330,2.0
1562,WIN_20210408_14_11_32_Pro,11,335,2.0
1563,WIN_20210408_14_11_32_Pro,11,340,2.0
1564,WIN_20210408_14_11_32_Pro,11,345,2.0
1565,WIN_20210408_14_11_32_Pro,11,350,2.0
1566,WIN_20210408_14_11_32_Pro,11,355,2.0
1567,WIN_20210408_14_11_32_Pro,11,360,2.0
1568,WIN_20210408_14_11_32_Pro,11,365,2.0
1569,WIN_20210408_14_11_32_Pro,11,370,2.0
1570,WIN_20210408_14_11_32_Pro,11,375,2.0
1571,WIN_20210408_14_11_32_Pro,11,380,2.0
1572,WIN_20210408_14_11_32_Pro,11,385,2.0
1573,WIN_20210408_14_11_32_Pro,11,390,2.0
1574,WIN_20210408_14_11_32_Pro,11,395,2.0
1575,WIN_20210408_14_11_32_Pro,11,400,2.0
1576,WIN_20210408_14_11_32_Pro,11,405,2.0
1577,WIN_20210408_14_11_32_Pro,11,410,2.0
1578,WIN_20210408_14_11_32_Pro,11,415,2.0
1579,WIN_20210408_14_11_32_Pro,11,420,2.0
1580,WIN_20210408_14_11_32_Pro,17,520,0.0
1581,WIN_20210408_14_11_32_Pro,17,525,0.0
1582,WIN_20210408_14_11_32_Pro,17,530,0.0
1583,WIN_20210408_14_11_32_Pro,17,535,0.0
1584,WIN_20210408_14_11_32_Pro,17,540,0.0
1585,WIN_20210408_14_11_32_Pro,17,545,0.0
1586,WIN_20210408_14_11_32_Pro,17,550,0.0
1587,WIN_20210408_15_20_51_Pro,8,210,0.0
1588,WIN_20210408_15_20_51_Pro,8,215,0.0
1589,WIN_20210408_15_20_51_Pro,8,220,0.0
1590,WIN_20210408_15_20_51_Pro,8,225,0.0
1591,WIN_20210408_15_20_51_Pro,8,230,0.0
1592,WIN_20210408_15_20_51_Pro,8,235,0.0
1593,WIN_20210408_15_20_51_Pro,8,240,0.0
1594,WIN_20210408_15_20_51_Pro,8,245,0.0
1595,WIN_20210408_15_20_51_Pro,8,250,0.0
1596,WIN_20210408_15_20_51_Pro,8,255,0.0
1597,WIN_20210408_15_20_51_Pro,8,260,0.0
1598,WIN_20210408_15_20_51_Pro,9,260,0.0
1599,WIN_20210408_15_20_51_Pro,9,265,0.0
1600,WIN_20210408_15_20_51_Pro,9,270,0.0
1601,WIN_20210408_15_20_51_Pro,9,275,0.0
1602,WIN_20210408_15_20_51_Pro,9,280,0.0
1603,WIN_20210408_15_20_51_Pro,9,285,0.0
1604,WIN_20210408_15_20_51_Pro,9,290,0.0
1605,WIN_20210408_15_20_51_Pro,9,295,0.0
1606,WIN_20210408_15_20_51_Pro,9,300,0.0
1607,WIN_20210408_15_20_51_Pro,9,305,0.0
1608,WIN_20210408_15_20_51_Pro,9,310,0.0
1609,WIN_20210408_15_20_51_Pro,9,315,0.0
1610,WIN_20210408_15_20_51_Pro,9,320,0.0
1611,WIN_20210408_15_20_51_Pro,9,325,0.0
1612,WIN_20210408_15_20_51_Pro,9,330,0.0
1613,WIN_20210408_15_20_51_Pro,9,335,0.0
1614,WIN_20210408_15_20_51_Pro,9,340,0.0
1615,WIN_20210408_15_20_51_Pro,9,345,0.0
1616,WIN_20210408_15_20_51_Pro,9,350,0.0
1617,WIN_20210408_15_20_51_Pro,9,355,0.0
1618,WIN_20210408_15_20_51_Pro,9,360,0.0
1619,WIN_20210408_15_20_51_Pro,10,360,0.0
1620,WIN_20210408_15_20_51_Pro,10,365,0.0
1621,WIN_20210408_15_20_51_Pro,10,370,0.0
1622,WIN_20210408_15_20_51_Pro,10,375,0.0
1623,WIN_20210408_15_20_51_Pro,10,380,0.0
1624,WIN_20210408_15_20_51_Pro,10,385,0.0
1625,WIN_20210408_15_20_51_Pro,10,390,0.0
1626,WIN_20210408_15_20_51_Pro,10,395,0.0
1627,WIN_20210408_15_20_51_Pro,10,400,0.0
1628,WIN_20210408_15_20_51_Pro,10,405,0.0
1629,WIN_20210408_15_20_51_Pro,10,410,0.0
1630,WIN_20210408_15_20_51_Pro,10,415,0.0
1631,WIN_20210408_15_20_51_Pro,10,420,0.0
1632,WIN_20210408_15_20_51_Pro,10,425,0.0
1633,WIN_20210408_15_20_51_Pro,11,425,0.0
1634,WIN_20210408_15_20_51_Pro,11,430,0.0
1635,WIN_20210408_15_20_51_Pro,11,435,0.0
1636,WIN_20210408_15_20_51_Pro,11,440,0.0
1637,WIN_20210408_15_20_51_Pro,11,445,0.0
1638,WIN_20210408_15_20_51_Pro,11,450,0.0
1639,WIN_20210408_15_20_51_Pro,11,455,0.0
1640,WIN_20210408_15_20_51_Pro,11,460,0.0
1641,WIN_20210408_15_20_51_Pro,11,465,0.0
1642,WIN_20210408_15_20_51_Pro,11,470,0.0
1643,WIN_20210408_15_20_51_Pro,11,475,0.0
1644,WIN_20210408_15_20_51_Pro,11,480,0.0
1645,WIN_20210408_15_20_51_Pro,11,485,0.0
1646,WIN_20210408_15_20_51_Pro,11,490,0.0
1647,WIN_20210408_15_20_51_Pro,11,495,0.0
1648,WIN_20210408_15_20_51_Pro,11,500,0.0
1649,WIN_20210408_15_20_51_Pro,11,505,0.0
1650,WIN_20210408_15_20_51_Pro,11,510,0.0
1651,WIN_20210408_15_20_51_Pro,11,515,0.0
1652,WIN_20210408_15_20_51_Pro,11,520,0.0
1653,WIN_20210408_15_20_51_Pro,17,680,0.0
1654,WIN_20210408_15_20_51_Pro,17,685,0.0
1655,WIN_20210408_15_20_51_Pro,17,690,0.0
1656,WIN_20210408_15_20_51_Pro,17,695,0.0
1657,WIN_20210408_15_20_51_Pro,17,700,0.0
1658,WIN_20210408_15_20_51_Pro,17,705,0.0
1659,WIN_20210408_15_20_51_Pro,17,710,0.0
1660,WIN_20210408_16_04_32_Pro,8,130,0.0
1661,WIN_20210408_16_04_32_Pro,8,135,0.0
1662,WIN_20210408_16_04_32_Pro,8,140,0.0
1663,WIN_20210408_16_04_32_Pro,8,145,0.0
1664,WIN_20210408_16_04_32_Pro,8,150,0.0
1665,WIN_20210408_16_04_32_Pro,8,155,0.0
1666,WIN_20210408_16_04_32_Pro,8,160,0.0
1667,WIN_20210408_16_04_32_Pro,8,165,0.0
1668,WIN_20210408_16_04_32_Pro,8,170,0.0
1669,WIN_20210408_16_04_32_Pro,8,175,0.0
1670,WIN_20210408_16_04_32_Pro,8,180,0.0
1671,WIN_20210408_16_04_32_Pro,9,180,1.0
1672,WIN_20210408_16_04_32_Pro,9,185,1.0
1673,WIN_20210408_16_04_32_Pro,9,190,1.0
1674,WIN_20210408_16_04_32_Pro,9,195,1.0
1675,WIN_20210408_16_04_32_Pro,9,200,1.0
1676,WIN_20210408_16_04_32_Pro,9,205,1.0
1677,WIN_20210408_16_04_32_Pro,9,210,1.0
1678,WIN_20210408_16_04_32_Pro,9,215,1.0
1679,WIN_20210408_16_04_32_Pro,9,220,1.0
1680,WIN_20210408_16_04_32_Pro,9,225,1.0
1681,WIN_20210408_16_04_32_Pro,9,230,1.0
1682,WIN_20210408_16_04_32_Pro,9,235,1.0
1683,WIN_20210408_16_04_32_Pro,9,240,1.0
1684,WIN_20210408_16_04_32_Pro,9,245,1.0
1685,WIN_20210408_16_04_32_Pro,9,250,1.0
1686,WIN_20210408_16_04_32_Pro,9,255,1.0
1687,WIN_20210408_16_04_32_Pro,9,260,1.0
1688,WIN_20210408_16_04_32_Pro,9,265,1.0
1689,WIN_20210408_16_04_32_Pro,9,270,1.0
1690,WIN_20210408_16_04_32_Pro,9,275,1.0
1691,WIN_20210408_16_04_32_Pro,10,280,0.0
1692,WIN_20210408_16_04_32_Pro,10,285,0.0
1693,WIN_20210408_16_04_32_Pro,10,290,0.0
1694,WIN_20210408_16_04_32_Pro,10,295,0.0
1695,WIN_20210408_16_04_32_Pro,10,300,0.0
1696,WIN_20210408_16_04_32_Pro,10,305,0.0
1697,WIN_20210408_16_04_32_Pro,10,310,0.0
1698,WIN_20210408_16_04_32_Pro,10,315,0.0
1699,WIN_20210408_16_04_32_Pro,10,320,0.0
1700,WIN_20210408_16_04_32_Pro,10,325,0.0
1701,WIN_20210408_16_04_32_Pro,10,330,0.0
1702,WIN_20210408_16_04_32_Pro,10,335,0.0
1703,WIN_20210408_16_04_32_Pro,10,340,0.0
1704,WIN_20210408_16_04_32_Pro,10,345,0.0
1705,WIN_20210408_16_04_32_Pro,11,345,0.0
1706,WIN_20210408_16_04_32_Pro,11,350,0.0
1707,WIN_20210408_16_04_32_Pro,11,355,0.0
1708,WIN_20210408_16_04_32_Pro,11,360,0.0
1709,WIN_20210408_16_04_32_Pro,11,365,0.0
1710,WIN_20210408_16_04_32_Pro,11,370,0.0
1711,WIN_20210408_16_04_32_Pro,11,375,0.0
1712,WIN_20210408_16_04_32_Pro,11,380,0.0
1713,WIN_20210408_16_04_32_Pro,11,385,0.0
1714,WIN_20210408_16_04_32_Pro,11,390,0.0
1715,WIN_20210408_16_04_32_Pro,11,395,0.0
1716,WIN_20210408_16_04_32_Pro,11,400,0.0
1717,WIN_20210408_16_04_32_Pro,11,405,0.0
1718,WIN_20210408_16_04_32_Pro,11,410,0.0
1719,WIN_20210408_16_04_32_Pro,11,415,0.0
1720,WIN_20210408_16_04_32_Pro,11,420,0.0
1721,WIN_20210408_16_04_32_Pro,11,425,0.0
1722,WIN_20210408_16_04_32_Pro,11,430,0.0
1723,WIN_20210408_16_04_32_Pro,11,435,0.0
1724,WIN_20210408_16_04_32_Pro,11,440,0.0
1725,WIN_20210408_16_04_32_Pro,17,610,0.0
1726,WIN_20210408_16_04_32_Pro,17,615,0.0
1727,WIN_20210408_16_04_32_Pro,17,620,0.0
1728,WIN_20210408_16_04_32_Pro,17,625,0.0
1729,WIN_20210408_16_04_32_Pro,17,630,0.0
1730,WIN_20210408_16_04_32_Pro,17,635,0.0
1731,WIN_20210408_16_04_32_Pro,17,640,0.0
1732,WIN_20210409_10_26_11_Pro,8,190,1.0
1733,WIN_20210409_10_26_11_Pro,8,195,1.0
1734,WIN_20210409_10_26_11_Pro,8,200,1.0
1735,WIN_20210409_10_26_11_Pro,8,205,1.0
1736,WIN_20210409_10_26_11_Pro,8,210,1.0
1737,WIN_20210409_10_26_11_Pro,8,215,1.0
1738,WIN_20210409_10_26_11_Pro,8,220,1.0
1739,WIN_20210409_10_26_11_Pro,8,225,1.0
1740,WIN_20210409_10_26_11_Pro,8,230,1.0
1741,WIN_20210409_10_26_11_Pro,8,235,1.0
1742,WIN_20210409_10_26_11_Pro,8,240,1.0
1743,WIN_20210409_10_26_11_Pro,9,240,0.0
1744,WIN_20210409_10_26_11_Pro,9,245,0.0
1745,WIN_20210409_10_26_11_Pro,9,250,0.0
1746,WIN_20210409_10_26_11_Pro,9,255,0.0
1747,WIN_20210409_10_26_11_Pro,9,260,0.0
1748,WIN_20210409_10_26_11_Pro,9,265,0.0
1749,WIN_20210409_10_26_11_Pro,9,270,0.0
1750,WIN_20210409_10_26_11_Pro,9,275,0.0
1751,WIN_20210409_10_26_11_Pro,9,280,0.0
1752,WIN_20210409_10_26_11_Pro,9,285,0.0
1753,WIN_20210409_10_26_11_Pro,9,290,0.0
1754,WIN_20210409_10_26_11_Pro,9,295,0.0
1755,WIN_20210409_10_26_11_Pro,9,300,0.0
1756,WIN_20210409_10_26_11_Pro,9,305,0.0
1757,WIN_20210409_10_26_11_Pro,9,310,0.0
1758,WIN_20210409_10_26_11_Pro,9,315,0.0
1759,WIN_20210409_10_26_11_Pro,9,320,0.0
1760,WIN_20210409_10_26_11_Pro,9,325,0.0
1761,WIN_20210409_10_26_11_Pro,9,330,0.0
1762,WIN_20210409_10_26_11_Pro,9,335,0.0
1763,WIN_20210409_10_26_11_Pro,10,340,1.0
1764,WIN_20210409_10_26_11_Pro,10,345,1.0
1765,WIN_20210409_10_26_11_Pro,10,350,1.0
1766,WIN_20210409_10_26_11_Pro,10,355,1.0
1767,WIN_20210409_10_26_11_Pro,10,360,1.0
1768,WIN_20210409_10_26_11_Pro,10,365,1.0
1769,WIN_20210409_10_26_11_Pro,10,370,1.0
1770,WIN_20210409_10_26_11_Pro,10,375,1.0
1771,WIN_20210409_10_26_11_Pro,10,380,1.0
1772,WIN_20210409_10_26_11_Pro,10,385,1.0
1773,WIN_20210409_10_26_11_Pro,10,390,1.0
1774,WIN_20210409_10_26_11_Pro,10,395,1.0
1775,WIN_20210409_10_26_11_Pro,10,400,1.0
1776,WIN_20210409_10_26_11_Pro,10,405,1.0
1777,WIN_20210409_10_26_11_Pro,11,405,0.0
1778,WIN_20210409_10_26_11_Pro,11,410,0.0
1779,WIN_20210409_10_26_11_Pro,11,415,0.0
1780,WIN_20210409_10_26_11_Pro,11,420,0.0
1781,WIN_20210409_10_26_11_Pro,11,425,0.0
1782,WIN_20210409_10_26_11_Pro,11,430,0.0
1783,WIN_20210409_10_26_11_Pro,11,435,0.0
1784,WIN_20210409_10_26_11_Pro,11,440,0.0
1785,WIN_20210409_10_26_11_Pro,11,445,0.0
1786,WIN_20210409_10_26_11_Pro,11,450,0.0
1787,WIN_20210409_10_26_11_Pro,11,455,0.0
1788,WIN_20210409_10_26_11_Pro,11,460,0.0
1789,WIN_20210409_10_26_11_Pro,11,465,0.0
1790,WIN_20210409_10_26_11_Pro,11,470,0.0
1791,WIN_20210409_10_26_11_Pro,11,475,0.0
1792,WIN_20210409_10_26_11_Pro,11,480,0.0
1793,WIN_20210409_10_26_11_Pro,11,485,0.0
1794,WIN_20210409_10_26_11_Pro,11,490,0.0
1795,WIN_20210409_10_26_11_Pro,11,495,0.0
1796,WIN_20210409_10_26_11_Pro,11,500,0.0
1797,WIN_20210409_10_26_11_Pro,17,655,1.0
1798,WIN_20210409_10_26_11_Pro,17,660,1.0
1799,WIN_20210409_10_26_11_Pro,17,665,1.0
1800,WIN_20210409_10_26_11_Pro,17,670,1.0
1801,WIN_20210409_10_26_11_Pro,17,675,1.0
1802,WIN_20210409_10_26_11_Pro,17,680,1.0
1803,WIN_20210409_10_26_11_Pro,17,685,1.0
1804,WIN_20210413_15_38_01_Pro,8,165,0.0
1805,WIN_20210413_15_38_01_Pro,8,170,0.0
1806,WIN_20210413_15_38_01_Pro,8,175,0.0
1807,WIN_20210413_15_38_01_Pro,8,180,0.0
1808,WIN_20210413_15_38_01_Pro,8,185,0.0
1809,WIN_20210413_15_38_01_Pro,8,190,0.0
1810,WIN_20210413_15_38_01_Pro,8,195,0.0
1811,WIN_20210413_15_38_01_Pro,8,200,0.0
1812,WIN_20210413_15_38_01_Pro,8,205,0.0
1813,WIN_20210413_15_38_01_Pro,8,210,0.0
1814,WIN_20210413_15_38_01_Pro,9,215,0.0
1815,WIN_20210413_15_38_01_Pro,9,220,0.0
1816,WIN_20210413_15_38_01_Pro,9,225,0.0
1817,WIN_20210413_15_38_01_Pro,9,230,0.0
1818,WIN_20210413_15_38_01_Pro,9,235,0.0
1819,WIN_20210413_15_38_01_Pro,9,240,0.0
1820,WIN_20210413_15_38_01_Pro,9,245,0.0
1821,WIN_20210413_15_38_01_Pro,9,250,0.0
1822,WIN_20210413_15_38_01_Pro,9,255,0.0
1823,WIN_20210413_15_38_01_Pro,9,260,0.0
1824,WIN_20210413_15_38_01_Pro,9,265,0.0
1825,WIN_20210413_15_38_01_Pro,9,270,0.0
1826,WIN_20210413_15_38_01_Pro,9,275,0.0
1827,WIN_20210413_15_38_01_Pro,9,280,0.0
1828,WIN_20210413_15_38_01_Pro,9,285,0.0
1829,WIN_20210413_15_38_01_Pro,9,290,0.0
1830,WIN_20210413_15_38_01_Pro,9,295,0.0
1831,WIN_20210413_15_38_01_Pro,9,300,0.0
1832,WIN_20210413_15_38_01_Pro,9,305,0.0
1833,WIN_20210413_15_38_01_Pro,9,310,0.0
1834,WIN_20210413_15_38_01_Pro,10,310,0.0
1835,WIN_20210413_15_38_01_Pro,10,315,0.0
1836,WIN_20210413_15_38_01_Pro,10,320,0.0
1837,WIN_20210413_15_38_01_Pro,10,325,0.0
1838,WIN_20210413_15_38_01_Pro,10,330,0.0
1839,WIN_20210413_15_38_01_Pro,10,335,0.0
1840,WIN_20210413_15_38_01_Pro,10,340,0.0
1841,WIN_20210413_15_38_01_Pro,10,345,0.0
1842,WIN_20210413_15_38_01_Pro,10,350,0.0
1843,WIN_20210413_15_38_01_Pro,10,355,0.0
1844,WIN_20210413_15_38_01_Pro,10,360,0.0
1845,WIN_20210413_15_38_01_Pro,10,365,0.0
1846,WIN_20210413_15_38_01_Pro,10,370,0.0
1847,WIN_20210413_15_38_01_Pro,10,375,0.0
1848,WIN_20210413_15_38_01_Pro,10,380,0.0
1849,WIN_20210413_15_38_01_Pro,11,380,0.0
1850,WIN_20210413_15_38_01_Pro,11,385,0.0
1851,WIN_20210413_15_38_01_Pro,11,390,0.0
1852,WIN_20210413_15_38_01_Pro,11,395,0.0
1853,WIN_20210413_15_38_01_Pro,11,400,0.0
1854,WIN_20210413_15_38_01_Pro,11,405,0.0
1855,WIN_20210413_15_38_01_Pro,11,410,0.0
1856,WIN_20210413_15_38_01_Pro,11,415,0.0
1857,WIN_20210413_15_38_01_Pro,11,420,0.0
1858,WIN_20210413_15_38_01_Pro,11,425,0.0
1859,WIN_20210413_15_38_01_Pro,11,430,0.0
1860,WIN_20210413_15_38_01_Pro,11,435,0.0
1861,WIN_20210413_15_38_01_Pro,11,440,0.0
1862,WIN_20210413_15_38_01_Pro,11,445,0.0
1863,WIN_20210413_15_38_01_Pro,11,450,0.0
1864,WIN_20210413_15_38_01_Pro,11,455,0.0
1865,WIN_20210413_15_38_01_Pro,11,460,0.0
1866,WIN_20210413_15_38_01_Pro,11,465,0.0
1867,WIN_20210413_15_38_01_Pro,11,470,0.0
1868,WIN_20210413_15_38_01_Pro,11,475,0.0
1869,WIN_20210413_15_38_01_Pro,17,625,1.0
1870,WIN_20210413_15_38_01_Pro,17,630,1.0
1871,WIN_20210413_15_38_01_Pro,17,635,1.0
1872,WIN_20210413_15_38_01_Pro,17,640,1.0
1873,WIN_20210413_15_38_01_Pro,17,645,1.0
1874,WIN_20210413_15_38_01_Pro,17,650,1.0
1875,WIN_20210413_15_38_01_Pro,17,655,1.0
1876,WIN_20210414_06_24_52_Pro,8,280,2.0
1877,WIN_20210414_06_24_52_Pro,8,285,2.0
1878,WIN_20210414_06_24_52_Pro,8,290,2.0
1879,WIN_20210414_06_24_52_Pro,8,295,2.0
1880,WIN_20210414_06_24_52_Pro,8,300,2.0
1881,WIN_20210414_06_24_52_Pro,8,305,2.0
1882,WIN_20210414_06_24_52_Pro,8,310,2.0
1883,WIN_20210414_06_24_52_Pro,8,315,2.0
1884,WIN_20210414_06_24_52_Pro,8,320,2.0
1885,WIN_20210414_06_24_52_Pro,8,325,2.0
1886,WIN_20210414_06_24_52_Pro,9,330,2.0
1887,WIN_20210414_06_24_52_Pro,9,335,2.0
1888,WIN_20210414_06_24_52_Pro,9,340,2.0
1889,WIN_20210414_06_24_52_Pro,9,345,2.0
1890,WIN_20210414_06_24_52_Pro,9,350,2.0
1891,WIN_20210414_06_24_52_Pro,9,355,2.0
1892,WIN_20210414_06_24_52_Pro,9,360,2.0
1893,WIN_20210414_06_24_52_Pro,9,365,2.0
1894,WIN_20210414_06_24_52_Pro,9,370,2.0
1895,WIN_20210414_06_24_52_Pro,9,375,2.0
1896,WIN_20210414_06_24_52_Pro,9,380,2.0
1897,WIN_20210414_06_24_52_Pro,9,385,2.0
1898,WIN_20210414_06_24_52_Pro,9,390,2.0
1899,WIN_20210414_06_24_52_Pro,9,395,2.0
1900,WIN_20210414_06_24_52_Pro,9,400,2.0
1901,WIN_20210414_06_24_52_Pro,9,405,2.0
1902,WIN_20210414_06_24_52_Pro,9,410,2.0
1903,WIN_20210414_06_24_52_Pro,9,415,2.0
1904,WIN_20210414_06_24_52_Pro,9,420,2.0
1905,WIN_20210414_06_24_52_Pro,9,425,2.0
1906,WIN_20210414_06_24_52_Pro,10,425,2.0
1907,WIN_20210414_06_24_52_Pro,10,430,2.0
1908,WIN_20210414_06_24_52_Pro,10,435,2.0
1909,WIN_20210414_06_24_52_Pro,10,440,2.0
1910,WIN_20210414_06_24_52_Pro,10,445,2.0
1911,WIN_20210414_06_24_52_Pro,10,450,2.0
1912,WIN_20210414_06_24_52_Pro,10,455,2.0
1913,WIN_20210414_06_24_52_Pro,10,460,2.0
1914,WIN_20210414_06_24_52_Pro,10,465,2.0
1915,WIN_20210414_06_24_52_Pro,10,470,2.0
1916,WIN_20210414_06_24_52_Pro,10,475,2.0
1917,WIN_20210414_06_24_52_Pro,10,480,2.0
1918,WIN_20210414_06_24_52_Pro,10,485,2.0
1919,WIN_20210414_06_24_52_Pro,10,490,2.0
1920,WIN_20210414_06_24_52_Pro,10,495,2.0
1921,WIN_20210414_06_24_52_Pro,11,495,2.0
1922,WIN_20210414_06_24_52_Pro,11,500,2.0
1923,WIN_20210414_06_24_52_Pro,11,505,2.0
1924,WIN_20210414_06_24_52_Pro,11,510,2.0
1925,WIN_20210414_06_24_52_Pro,11,515,2.0
1926,WIN_20210414_06_24_52_Pro,11,520,2.0
1927,WIN_20210414_06_24_52_Pro,11,525,2.0
1928,WIN_20210414_06_24_52_Pro,11,530,2.0
1929,WIN_20210414_06_24_52_Pro,11,535,2.0
1930,WIN_20210414_06_24_52_Pro,11,540,2.0
1931,WIN_20210414_06_24_52_Pro,11,545,2.0
1932,WIN_20210414_06_24_52_Pro,11,550,2.0
1933,WIN_20210414_06_24_52_Pro,11,555,2.0
1934,WIN_20210414_06_24_52_Pro,11,560,2.0
1935,WIN_20210414_06_24_52_Pro,11,565,2.0
1936,WIN_20210414_06_24_52_Pro,11,570,2.0
1937,WIN_20210414_06_24_52_Pro,11,575,2.0
1938,WIN_20210414_06_24_52_Pro,11,580,2.0
1939,WIN_20210414_06_24_52_Pro,11,585,2.0
1940,WIN_20210414_06_24_52_Pro,11,590,2.0
1941,WIN_20210414_06_24_52_Pro,17,740,1.0
1942,WIN_20210414_06_24_52_Pro,17,745,1.0
1943,WIN_20210414_06_24_52_Pro,17,750,1.0
1944,WIN_20210414_06_24_52_Pro,17,755,1.0
1945,WIN_20210414_06_24_52_Pro,17,760,1.0
1946,WIN_20210414_06_24_52_Pro,17,765,1.0
1947,WIN_20210414_06_24_52_Pro,17,770,1.0
1948,WIN_20210415_15_41_24_Pro,8,195,0.0
1949,WIN_20210415_15_41_24_Pro,8,200,0.0
1950,WIN_20210415_15_41_24_Pro,8,205,0.0
1951,WIN_20210415_15_41_24_Pro,8,210,0.0
1952,WIN_20210415_15_41_24_Pro,8,215,0.0
1953,WIN_20210415_15_41_24_Pro,8,220,0.0
1954,WIN_20210415_15_41_24_Pro,8,225,0.0
1955,WIN_20210415_15_41_24_Pro,8,230,0.0
1956,WIN_20210415_15_41_24_Pro,8,235,0.0
1957,WIN_20210415_15_41_24_Pro,8,240,0.0
1958,WIN_20210415_15_41_24_Pro,8,245,0.0
1959,WIN_20210415_15_41_24_Pro,9,245,0.0
1960,WIN_20210415_15_41_24_Pro,9,250,0.0
1961,WIN_20210415_15_41_24_Pro,9,255,0.0
1962,WIN_20210415_15_41_24_Pro,9,260,0.0
1963,WIN_20210415_15_41_24_Pro,9,265,0.0
1964,WIN_20210415_15_41_24_Pro,9,270,0.0
1965,WIN_20210415_15_41_24_Pro,9,275,0.0
1966,WIN_20210415_15_41_24_Pro,9,280,0.0
1967,WIN_20210415_15_41_24_Pro,9,285,0.0
1968,WIN_20210415_15_41_24_Pro,9,290,0.0
1969,WIN_20210415_15_41_24_Pro,9,295,0.0
1970,WIN_20210415_15_41_24_Pro,9,300,0.0
1971,WIN_20210415_15_41_24_Pro,9,305,0.0
1972,WIN_20210415_15_41_24_Pro,9,310,0.0
1973,WIN_20210415_15_41_24_Pro,9,315,0.0
1974,WIN_20210415_15_41_24_Pro,9,320,0.0
1975,WIN_20210415_15_41_24_Pro,9,325,0.0
1976,WIN_20210415_15_41_24_Pro,9,330,0.0
1977,WIN_20210415_15_41_24_Pro,9,335,0.0
1978,WIN_20210415_15_41_24_Pro,9,340,0.0
1979,WIN_20210415_15_41_24_Pro,9,345,0.0
1980,WIN_20210415_15_41_24_Pro,10,345,1.0
1981,WIN_20210415_15_41_24_Pro,10,350,1.0
1982,WIN_20210415_15_41_24_Pro,10,355,1.0
1983,WIN_20210415_15_41_24_Pro,10,360,1.0
1984,WIN_20210415_15_41_24_Pro,10,365,1.0
1985,WIN_20210415_15_41_24_Pro,10,370,1.0
1986,WIN_20210415_15_41_24_Pro,10,375,1.0
1987,WIN_20210415_15_41_24_Pro,10,380,1.0
1988,WIN_20210415_15_41_24_Pro,10,385,1.0
1989,WIN_20210415_15_41_24_Pro,10,390,1.0
1990,WIN_20210415_15_41_24_Pro,10,395,1.0
1991,WIN_20210415_15_41_24_Pro,10,400,1.0
1992,WIN_20210415_15_41_24_Pro,10,405,1.0
1993,WIN_20210415_15_41_24_Pro,10,410,1.0
1994,WIN_20210415_15_41_24_Pro,11,415,0.0
1995,WIN_20210415_15_41_24_Pro,11,420,0.0
1996,WIN_20210415_15_41_24_Pro,11,425,0.0
1997,WIN_20210415_15_41_24_Pro,11,430,0.0
1998,WIN_20210415_15_41_24_Pro,11,435,0.0
1999,WIN_20210415_15_41_24_Pro,11,440,0.0
2000,WIN_20210415_15_41_24_Pro,11,445,0.0
2001,WIN_20210415_15_41_24_Pro,11,450,0.0
2002,WIN_20210415_15_41_24_Pro,11,455,0.0
2003,WIN_20210415_15_41_24_Pro,11,460,0.0
2004,WIN_20210415_15_41_24_Pro,11,465,0.0
2005,WIN_20210415_15_41_24_Pro,11,470,0.0
2006,WIN_20210415_15_41_24_Pro,11,475,0.0
2007,WIN_20210415_15_41_24_Pro,11,480,0.0
2008,WIN_20210415_15_41_24_Pro,11,485,0.0
2009,WIN_20210415_15_41_24_Pro,11,490,0.0
2010,WIN_20210415_15_41_24_Pro,11,495,0.0
2011,WIN_20210415_15_41_24_Pro,11,500,0.0
2012,WIN_20210415_15_41_24_Pro,11,505,0.0
2013,WIN_20210415_15_41_24_Pro,11,510,0.0
2014,WIN_20210415_15_41_24_Pro,17,740,0.0
2015,WIN_20210415_15_41_24_Pro,17,745,0.0
2016,WIN_20210415_15_41_24_Pro,17,750,0.0
2017,WIN_20210415_15_41_24_Pro,17,755,0.0
2018,WIN_20210415_15_41_24_Pro,17,760,0.0
2019,WIN_20210415_15_41_24_Pro,17,765,0.0
2020,WIN_20210415_15_41_24_Pro,17,770,0.0
2021,WIN_20210416_08_06_54_Pro,8,110,2.0
2022,WIN_20210416_08_06_54_Pro,8,115,2.0
2023,WIN_20210416_08_06_54_Pro,8,120,2.0
2024,WIN_20210416_08_06_54_Pro,8,125,2.0
2025,WIN_20210416_08_06_54_Pro,8,130,2.0
2026,WIN_20210416_08_06_54_Pro,8,135,2.0
2027,WIN_20210416_08_06_54_Pro,8,140,2.0
2028,WIN_20210416_08_06_54_Pro,8,145,2.0
2029,WIN_20210416_08_06_54_Pro,8,150,2.0
2030,WIN_20210416_08_06_54_Pro,8,155,2.0
2031,WIN_20210416_08_06_54_Pro,8,160,2.0
2032,WIN_20210416_08_06_54_Pro,9,160,1.0
2033,WIN_20210416_08_06_54_Pro,9,165,1.0
2034,WIN_20210416_08_06_54_Pro,9,170,1.0
2035,WIN_20210416_08_06_54_Pro,9,175,1.0
2036,WIN_20210416_08_06_54_Pro,9,180,1.0
2037,WIN_20210416_08_06_54_Pro,9,185,1.0
2038,WIN_20210416_08_06_54_Pro,9,190,1.0
2039,WIN_20210416_08_06_54_Pro,9,195,1.0
2040,WIN_20210416_08_06_54_Pro,9,200,1.0
2041,WIN_20210416_08_06_54_Pro,9,205,1.0
2042,WIN_20210416_08_06_54_Pro,9,210,1.0
2043,WIN_20210416_08_06_54_Pro,9,215,1.0
2044,WIN_20210416_08_06_54_Pro,9,220,1.0
2045,WIN_20210416_08_06_54_Pro,9,225,1.0
2046,WIN_20210416_08_06_54_Pro,9,230,1.0
2047,WIN_20210416_08_06_54_Pro,9,235,1.0
2048,WIN_20210416_08_06_54_Pro,9,240,1.0
2049,WIN_20210416_08_06_54_Pro,9,245,1.0
2050,WIN_20210416_08_06_54_Pro,9,250,1.0
2051,WIN_20210416_08_06_54_Pro,9,255,1.0
2052,WIN_20210416_08_06_54_Pro,9,260,1.0
2053,WIN_20210416_08_06_54_Pro,10,260,1.0
2054,WIN_20210416_08_06_54_Pro,10,265,1.0
2055,WIN_20210416_08_06_54_Pro,10,270,1.0
2056,WIN_20210416_08_06_54_Pro,10,275,1.0
2057,WIN_20210416_08_06_54_Pro,10,280,1.0
2058,WIN_20210416_08_06_54_Pro,10,285,1.0
2059,WIN_20210416_08_06_54_Pro,10,290,1.0
2060,WIN_20210416_08_06_54_Pro,10,295,1.0
2061,WIN_20210416_08_06_54_Pro,10,300,1.0
2062,WIN_20210416_08_06_54_Pro,10,305,1.0
2063,WIN_20210416_08_06_54_Pro,10,310,1.0
2064,WIN_20210416_08_06_54_Pro,10,315,1.0
2065,WIN_20210416_08_06_54_Pro,10,320,1.0
2066,WIN_20210416_08_06_54_Pro,10,325,1.0
2067,WIN_20210416_08_06_54_Pro,11,330,1.0
2068,WIN_20210416_08_06_54_Pro,11,335,1.0
2069,WIN_20210416_08_06_54_Pro,11,340,1.0
2070,WIN_20210416_08_06_54_Pro,11,345,1.0
2071,WIN_20210416_08_06_54_Pro,11,350,1.0
2072,WIN_20210416_08_06_54_Pro,11,355,1.0
2073,WIN_20210416_08_06_54_Pro,11,360,1.0
2074,WIN_20210416_08_06_54_Pro,11,365,1.0
2075,WIN_20210416_08_06_54_Pro,11,370,1.0
2076,WIN_20210416_08_06_54_Pro,11,375,1.0
2077,WIN_20210416_08_06_54_Pro,11,380,1.0
2078,WIN_20210416_08_06_54_Pro,11,385,1.0
2079,WIN_20210416_08_06_54_Pro,11,390,1.0
2080,WIN_20210416_08_06_54_Pro,11,395,1.0
2081,WIN_20210416_08_06_54_Pro,11,400,1.0
2082,WIN_20210416_08_06_54_Pro,11,405,1.0
2083,WIN_20210416_08_06_54_Pro,11,410,1.0
2084,WIN_20210416_08_06_54_Pro,11,415,1.0
2085,WIN_20210416_08_06_54_Pro,11,420,1.0
2086,WIN_20210416_08_06_54_Pro,11,425,1.0
2087,WIN_20210416_08_06_54_Pro,17,585,0.0
2088,WIN_20210416_08_06_54_Pro,17,590,0.0
2089,WIN_20210416_08_06_54_Pro,17,595,0.0
2090,WIN_20210416_08_06_54_Pro,17,600,0.0
2091,WIN_20210416_08_06_54_Pro,17,605,0.0
2092,WIN_20210416_08_06_54_Pro,17,610,0.0
2093,WIN_20210416_08_06_54_Pro,17,615,0.0
2094,WIN_20210417_14_53_12_Pro,8,5,0.0
2095,WIN_20210417_14_53_12_Pro,8,10,0.0
2096,WIN_20210417_14_53_12_Pro,8,15,0.0
2097,WIN_20210417_14_53_12_Pro,8,20,0.0
2098,WIN_20210417_14_53_12_Pro,8,25,0.0
2099,WIN_20210417_14_53_12_Pro,8,30,0.0
2100,WIN_20210417_14_53_12_Pro,8,35,0.0
2101,WIN_20210417_14_53_12_Pro,8,40,0.0
2102,WIN_20210417_14_53_12_Pro,8,45,0.0
2103,WIN_20210417_14_53_12_Pro,8,50,0.0
2104,WIN_20210417_14_53_12_Pro,8,55,0.0
2105,WIN_20210417_14_53_12_Pro,9,55,0.0
2106,WIN_20210417_14_53_12_Pro,9,60,0.0
2107,WIN_20210417_14_53_12_Pro,9,65,0.0
2108,WIN_20210417_14_53_12_Pro,9,70,0.0
2109,WIN_20210417_14_53_12_Pro,9,75,0.0
2110,WIN_20210417_14_53_12_Pro,9,80,0.0
2111,WIN_20210417_14_53_12_Pro,9,85,0.0
2112,WIN_20210417_14_53_12_Pro,9,90,0.0
2113,WIN_20210417_14_53_12_Pro,9,95,0.0
2114,WIN_20210417_14_53_12_Pro,9,100,0.0
2115,WIN_20210417_14_53_12_Pro,9,105,0.0
2116,WIN_20210417_14_53_12_Pro,9,110,0.0
2117,WIN_20210417_14_53_12_Pro,9,115,0.0
2118,WIN_20210417_14_53_12_Pro,9,120,0.0
2119,WIN_20210417_14_53_12_Pro,9,125,0.0
2120,WIN_20210417_14_53_12_Pro,9,130,0.0
2121,WIN_20210417_14_53_12_Pro,9,135,0.0
2122,WIN_20210417_14_53_12_Pro,9,140,0.0
2123,WIN_20210417_14_53_12_Pro,9,145,0.0
2124,WIN_20210417_14_53_12_Pro,9,150,0.0
2125,WIN_20210417_14_53_12_Pro,9,155,0.0
2126,WIN_20210417_14_53_12_Pro,10,155,0.0
2127,WIN_20210417_14_53_12_Pro,10,160,0.0
2128,WIN_20210417_14_53_12_Pro,10,165,0.0
2129,WIN_20210417_14_53_12_Pro,10,170,0.0
2130,WIN_20210417_14_53_12_Pro,10,175,0.0
2131,WIN_20210417_14_53_12_Pro,10,180,0.0
2132,WIN_20210417_14_53_12_Pro,10,185,0.0
2133,WIN_20210417_14_53_12_Pro,10,190,0.0
2134,WIN_20210417_14_53_12_Pro,10,195,0.0
2135,WIN_20210417_14_53_12_Pro,10,200,0.0
2136,WIN_20210417_14_53_12_Pro,10,205,0.0
2137,WIN_20210417_14_53_12_Pro,10,210,0.0
2138,WIN_20210417_14_53_12_Pro,10,215,0.0
2139,WIN_20210417_14_53_12_Pro,10,220,0.0
2140,WIN_20210417_14_53_12_Pro,11,225,0.0
2141,WIN_20210417_14_53_12_Pro,11,230,0.0
2142,WIN_20210417_14_53_12_Pro,11,235,0.0
2143,WIN_20210417_14_53_12_Pro,11,240,0.0
2144,WIN_20210417_14_53_12_Pro,11,245,0.0
2145,WIN_20210417_14_53_12_Pro,11,250,0.0
2146,WIN_20210417_14_53_12_Pro,11,255,0.0
2147,WIN_20210417_14_53_12_Pro,11,260,0.0
2148,WIN_20210417_14_53_12_Pro,11,265,0.0
2149,WIN_20210417_14_53_12_Pro,11,270,0.0
2150,WIN_20210417_14_53_12_Pro,11,275,0.0
2151,WIN_20210417_14_53_12_Pro,11,280,0.0
2152,WIN_20210417_14_53_12_Pro,11,285,0.0
2153,WIN_20210417_14_53_12_Pro,11,290,0.0
2154,WIN_20210417_14_53_12_Pro,11,295,0.0
2155,WIN_20210417_14_53_12_Pro,11,300,0.0
2156,WIN_20210417_14_53_12_Pro,11,305,0.0
2157,WIN_20210417_14_53_12_Pro,11,310,0.0
2158,WIN_20210417_14_53_12_Pro,11,315,0.0
2159,WIN_20210417_14_53_12_Pro,11,320,0.0
2160,WIN_20210417_14_53_12_Pro,17,480,1.0
2161,WIN_20210417_14_53_12_Pro,17,485,1.0
2162,WIN_20210417_14_53_12_Pro,17,490,1.0
2163,WIN_20210417_14_53_12_Pro,17,495,1.0
2164,WIN_20210417_14_53_12_Pro,17,500,1.0
2165,WIN_20210417_14_53_12_Pro,17,505,1.0
2166,WIN_20210417_14_53_12_Pro,17,510,1.0
